:020000040800F2
:1000000000500020B9C3000801C4000801C4000862
:1000100001C4000801C4000801C400080000000079
:1000200000000000000000000000000001C4000803
:1000300001C400080000000001C400089B8E0008F5
:1000400001C4000801C4000801C4000801C400087C
:1000500001C4000801C400088D8F0008938F0008B8
:10006000998F00089F8F0008A58F000801C4000821
:1000700001C4000801C4000801C4000801C400084C
:1000800001C4000801C4000801C4000829B1000827
:100090001DB1000801C4000801C40008AB8F0008AE
:1000A00001C400088D81000801C40008A181000876
:1000B000A5810008B9810008CD81000801C40008AD
:1000C00001C4000801C4000801C4000801C40008FC
:1000D00001C40008099B0008219B00083D9B000803
:1000E000D38F000801C400082DB1000800000000F3
:1000F0000000000000000000000000000000000000
:0C01000000000000000000005FF808F1A3
:1001100010F8012B11F8013B012A28BF9A42F7D0B1
:10012000D01A7047034613F8012B002AFBD1181A86
:100130000138704781F0004102E000BF83F00043C6
:1001400030B54FEA41044FEA430594EA050F08BF72
:1001500090EA020F1FBF54EA000C55EA020C7FEA36
:10016000645C7FEA655C00F0E2804FEA5454D4EBB3
:100170005555B8BF6D420CDD2C4480EA020281EA7D
:10018000030382EA000083EA010180EA020281EAB5
:100190000303362D88BF30BD11F0004F4FEA013107
:1001A0004FF4801C4CEA113102D0404261EB410116
:1001B00013F0004F4FEA03334CEA133302D052429C
:1001C00063EB430394EA050F00F0A780A4F1010458
:1001D000D5F1200E0DDB02FA0EFC22FA05F2801892
:1001E00041F1000103FA0EF2801843FA05F3594178
:1001F0000EE0A5F120050EF1200E012A03FA0EFCF7
:1002000028BF4CF0020C43FA05F3C01851EBE37120
:1002100001F0004507D54FF0000EDCF1000C7EEB3D
:1002200000006EEB0101B1F5801F1BD3B1F5001F7B
:100230000CD349085FEA30004FEA3C0C04F101049A
:100240004FEA445212F5800F80F09A80BCF1004FC3
:1002500008BF5FEA500C50F1000041EB045141EA45
:10026000050130BD5FEA4C0C404141EB0101013C0E
:1002700028BFB1F5801FE9D291F0000F04BF0146FD
:100280000020B1FA81F308BF2033A3F10B03B3F1CF
:1002900020020CDA0C3208DD02F1140CC2F10C025F
:1002A00001FA0CF021FA02F10CE002F11402D8BFBD
:1002B000C2F1200C01FA02F120FA0CFCDCBF41EA89
:1002C0000C019040E41AA2BF01EB0451294330BD58
:1002D0006FEA04041F3C1CDA0C340EDC04F1140435
:1002E000C4F1200220FA04F001FA02F340EA03000C
:1002F00021FA04F345EA030130BDC4F10C04C4F152
:10030000200220FA02F001FA04F340EA0300294631
:1003100030BD21FA04F0294630BD94F0000F83F47B
:10032000801306BF81F480110134013D4EE77FEA5E
:10033000645C18BF7FEA655C29D094EA050F08BFAA
:1003400090EA020F05D054EA000C04BF194610468B
:1003500030BD91EA030F1EBF0021002030BD5FEACF
:10036000545C05D14000494128BF41F0004130BDF7
:1003700014F580043CBF01F5801130BD01F000454B
:1003800045F0FE4141F470014FF0000030BD7FEABE
:10039000645C1ABF194610467FEA655C1CBF0B46B9
:1003A000024650EA013406BF52EA033591EA030FD0
:1003B00041F4002130BD00BF90F0000F04BF0021C8
:1003C000704730B54FF4806404F132044FF00005FB
:1003D0004FF0000150E700BF90F0000F04BF002174
:1003E000704730B54FF4806404F1320410F00045DA
:1003F00048BF40424FF000013EE700BF42004FEAD5
:10040000E2014FEA31014FEA02701FBF12F07F4351
:1004100093F07F4F81F06051704732F07F4208BF08
:10042000704793F07F4F04BF41F40021704730B50F
:100430004FF4607401F0004521F000411CE700BF5B
:1004400050EA010208BF704730B54FF000050AE0DE
:1004500050EA010208BF704730B511F0004502D5DF
:10046000404261EB41014FF4806404F132045FEAE1
:10047000915C3FF4D8AE4FF003025FEADC0C18BF8A
:1004800003325FEADC0C18BF033202EBDC02C2F17C
:10049000200300FA03FC20FA02F001FA03FE40EA0E
:1004A0000E0021FA02F11444BDE600BF70B54FF012
:1004B000FF0C4CF4E06C1CEA11541DBF1CEA1355F0
:1004C00094EA0C0F95EA0C0F00F0DEF82C4481EA58
:1004D000030621EA4C5123EA4C5350EA013518BF78
:1004E00052EA033541F4801143F4801338D0A0FB65
:1004F00002CE4FF00005E1FB02E506F00042E0FB12
:1005000003E54FF00006E1FB03569CF0000F18BF17
:100510004EF0010EA4F1FF04B6F5007F64F54074BF
:1005200004D25FEA4E0E6D4146EB060642EAC62152
:1005300041EA55514FEAC52040EA5E504FEACE2EBF
:10054000B4F1FD0C88BFBCF5E06F1ED8BEF1004FC2
:1005500008BF5FEA500E50F1000041EB045170BD3E
:1005600006F0004646EA010140EA020081EA030182
:10057000B4EB5C04C2BFD4EB0C0541EA045170BD7E
:1005800041F480114FF0000E013C00F3AB8014F1F8
:10059000360FDEBF002001F0004170BDC4F1000441
:1005A000203C35DA0C341BDC04F11404C4F12005C2
:1005B00000FA05F320FA04F001FA05F240EA02001D
:1005C00001F0004221F0004110EBD37021FA04F653
:1005D00042EB06015EEA430E08BF20EAD37070BD0D
:1005E000C4F10C04C4F1200500FA04F320FA05F06C
:1005F00001FA04F240EA020001F0004110EBD3706E
:1006000041F100015EEA430E08BF20EAD37070BDDD
:10061000C4F1200500FA05F24EEA020E20FA04F3B6
:1006200001FA05F243EA020321FA04F001F0004165
:1006300021FA04F220EA020000EBD3705EEA430ED6
:1006400008BF20EAD37070BD94F0000F0FD101F005
:100650000046400041EB010111F4801F08BF013C3E
:10066000F7D041EA060195F0000F18BF704703F07C
:100670000046520043EB030313F4801F08BF013D03
:10068000F7D043EA0603704794EA0C0F0CEA1355BF
:1006900018BF95EA0C0F0CD050EA410618BF52EA79
:1006A0004306D1D181EA030101F000414FF000007F
:1006B00070BD50EA410606BF1046194652EA43068D
:1006C00019D094EA0C0F02D150EA013613D195EA01
:1006D0000C0F05D152EA03361CBF104619460AD149
:1006E00081EA030101F0004141F0FE4141F4700153
:1006F0004FF0000070BD41F0FE4141F4780170BD43
:1007000070B54FF0FF0C4CF4E06C1CEA11541DBFA7
:100710001CEA135594EA0C0F95EA0C0F00F0A7F8A9
:10072000A4EB050481EA030E52EA03354FEA0131D6
:1007300000F088804FEA03334FF0805545EA1313E9
:1007400043EA12634FEA022245EA111545EA1065B1
:100750004FEA00260EF000419D4208BF964244F148
:10076000FD0404F5407402D25B084FEA3202B61A67
:1007700065EB03055B084FEA32024FF480104FF43B
:10078000002CB6EB020E75EB030E22BFB61A7546AF
:1007900040EA0C005B084FEA3202B6EB020E75EB42
:1007A000030E22BFB61A754640EA5C005B084FEAAA
:1007B0003202B6EB020E75EB030E22BFB61A754677
:1007C00040EA9C005B084FEA3202B6EB020E75EB82
:1007D000030E22BFB61A754640EADC0055EA060E43
:1007E00018D04FEA051545EA16754FEA06164FEA86
:1007F000C30343EA52734FEAC2025FEA1C1CC0D132
:1008000011F4801F0BD141EA00014FF000004FF0BE
:10081000004CB6E711F4801F04BF01430020B4F17F
:10082000FD0C88BFBCF5E06F3FF6AFAEB5EB030C37
:1008300004BFB6EB020C5FEA500C50F1000041EB34
:10084000045170BD0EF0004E4EEA113114EB5C0401
:10085000C2BFD4EB0C0541EA045170BD41F48011D4
:100860004FF0000E013C90E645EA060E8DE60CEADC
:10087000135594EA0C0F08BF95EA0C0F3FF43BAFF9
:1008800094EA0C0F0AD150EA01347FF434AF95EAB0
:100890000C0F7FF425AF104619462CE795EA0C0F94
:1008A00006D152EA03353FF4FDAE1046194622E761
:1008B00050EA410618BF52EA43067FF4C5AE50EA3B
:1008C00041047FF40DAF52EA43057FF4EBAE12E72B
:1008D0004FF0FF3C06E000BF4FF0010C02E000BF0C
:1008E0004FF0010C4DF804CD4FEA410C7FEA6C5CEF
:1008F0004FEA430C18BF7FEA6C5C1BD001B050EA92
:10090000410C0CBF52EA430C91EA030F02BF90EA7C
:10091000020F0020704710F1000F91EA030F58BF3B
:10092000994208BF90422CBFD8176FEAE37040F09D
:10093000010070474FEA410C7FEA6C5C02D150EA3B
:10094000013C07D14FEA430C7FEA6C5CD6D152EAF6
:10095000033CD3D05DF8040B704700BF84461046BB
:1009600062468C461946634600E000BF01B5FFF7BA
:10097000B7FF002848BF10F1000F01BD4DF808ED8A
:10098000FFF7F4FF0CBF012000205DF808FB00BF5B
:100990004DF808EDFFF7EAFF34BF012000205DF8B5
:1009A00008FB00BF4DF808EDFFF7E0FF94BF012002
:1009B00000205DF808FB00BF4DF808EDFFF7CEFF03
:1009C00094BF012000205DF808FB00BF4DF808ED42
:1009D000FFF7C4FF34BF012000205DF808FB00BF13
:1009E0004FEA410C7FEA6C5C02D150EA013C0AD12B
:1009F0004FEA430C7FEA6C5C02D152EA033C02D11D
:100A00004FF0000070474FF0010070474A0011D2CC
:100A100012F5001211D20DD56FF47873B3EB625258
:100A20000ED44FEAC12343F0004343EA505323FA64
:100A300002F070474FF00000704750EA013002D1D9
:100A40004FF0FF3070474FF0000070474FEA41020F
:100A5000B2F1E04324BFB3F5001CDCF1FE5C0DD91C
:100A600001F0004C4FEAC0024CEA5070B2F1004F66
:100A700040EB830008BF20F00100704711F0804F69
:100A800021D113F13872BCBF01F00040704741F42E
:100A900080114FEA5252C2F11802C2F1200C10FA32
:100AA0000CF320FA02F018BF40F001004FEAC12316
:100AB0004FEAD32303FA0CFC40EA0C0023FA02F3BA
:100AC0004FEA4303CCE77FEA625307D150EA013390
:100AD0001EBF4FF0FE4040F44000704701F0004060
:100AE00040F0FE4040F40000704700BF80F000403E
:100AF00002E000BF81F0004142001FBF5FEA4103F6
:100B000092EA030F7FEA226C7FEA236C6AD04FEAF5
:100B10001262D2EB1363C1BFD2184140484041403A
:100B2000B8BF5B42192B88BF704710F0004F40F4EC
:100B3000000020F07F4018BF404211F0004F41F408
:100B4000000121F07F4118BF494292EA030F3FD0D4
:100B5000A2F1010241FA03FC10EB0C00C3F12003E7
:100B600001FA03F100F0004302D5494260EB400076
:100B7000B0F5000F13D3B0F1807F06D340084FEAE1
:100B8000310102F10102FE2A51D2B1F1004F40EBD6
:100B9000C25008BF20F0010040EA0300704749003E
:100BA00040EB0000013A28BFB0F5000FEDD2B0FADB
:100BB00080FCACF1080CB2EB0C0200FA0CF0AABFFE
:100BC00000EBC25052421843BCBFD040184370479C
:100BD00092F0000F81F4000106BF80F400000132A2
:100BE000013BB5E74FEA41037FEA226C18BF7FEA79
:100BF000236C21D092EA030F04D092F0000F08BFBB
:100C00000846704790EA010F1CBF0020704712F0A1
:100C10007F4F04D1400028BF40F00040704712F1E0
:100C200000723CBF00F50000704700F0004343F045
:100C3000FE4040F4000070477FEA226216BF08467B
:100C40007FEA23630146420206BF5FEA412390EA3E
:100C5000010F40F4800070474FF0000304E000BF34
:100C600010F0004348BF40425FEA000C08BF7047E5
:100C700043F0964301464FF000001CE050EA0102A9
:100C800008BF70474FF000030AE000BF50EA0102BE
:100C900008BF704711F0004302D5404261EB4101AB
:100CA0005FEA010C02BF84460146002043F0B643D0
:100CB00008BFA3F18053A3F50003BCFA8CF2083AF5
:100CC000A3EBC25310DB01FA02FC634400FA02FCFE
:100CD000C2F12002BCF1004F20FA02F243EB020005
:100CE00008BF20F00100704702F1200201FA02FC67
:100CF000C2F1200250EA4C0021FA02F243EB02005A
:100D000008BF20EADC7070474FF0FF0C1CEAD0529D
:100D10001EBF1CEAD15392EA0C0F93EA0C0F6FD05E
:100D20001A4480EA010C400218BF5FEA41211ED03C
:100D30004FF0006343EA501043EA5111A0FB013128
:100D40000CF00040B1F5000F3EBF490041EAD371FD
:100D50005B0040EA010062F17F02FD2A1DD8B3F179
:100D6000004F40EBC25008BF20F00100704790F0E8
:100D7000000F0CF0004C08BF49024CEA502040EA3A
:100D800051207F3AC2BFD2F1FF0340EAC250704700
:100D900040F400004FF00003013A5DDC12F1190F3E
:100DA000DCBF00F000407047C2F10002410021FAB0
:100DB00002F1C2F1200200FA02FC5FEA310040F1C8
:100DC000000053EA4C0308BF20EADC70704792F041
:100DD000000F00F0004C02BF400010F4000F013A79
:100DE000F9D040EA0C0093F0000F01F0004C02BF74
:100DF000490011F4000F013BF9D041EA0C018FE7E3
:100E00000CEAD15392EA0C0F18BF93EA0C0F0AD0E8
:100E100030F0004C18BF31F0004CD8D180EA01000E
:100E200000F00040704790F0000F17BF90F0004FA7
:100E3000084691F0000F91F0004F14D092EA0C0F89
:100E400001D142020FD193EA0C0F03D14B0218BF1C
:100E5000084608D180EA010000F0004040F0FE4062
:100E600040F40000704740F0FE4040F440007047FE
:100E70004FF0FF0C1CEAD0521EBF1CEAD15392EA7D
:100E80000C0F93EA0C0F69D0A2EB030280EA010C6D
:100E900049024FEA402037D04FF0805343EA111106
:100EA00043EA10130CF000408B4238BF5B0042F164
:100EB0007D024FF4000C8B4224BF5B1A40EA0C0009
:100EC000B3EB510F24BFA3EB510340EA5C00B3EB3B
:100ED000910F24BFA3EB910340EA9C00B3EBD10F29
:100EE00024BFA3EBD10340EADC001B0118BF5FEA7B
:100EF0001C1CE0D1FD2A3FF650AF8B4240EBC250A4
:100F000008BF20F0010070470CF0004C4CEA502064
:100F10007F32C2BFD2F1FF0340EAC250704740F4B3
:100F200000004FF00003013A37E792F0000F00F0A5
:100F3000004C02BF400010F4000F013AF9D040EA23
:100F40000C0093F0000F01F0004C02BF490011F4B7
:100F5000000F013BF9D041EA0C0195E70CEAD153AF
:100F600092EA0C0F08D142027FF47DAF93EA0C0F96
:100F70007FF470AF084676E793EA0C0F04D14B027A
:100F80003FF44CAF08466EE730F0004C18BF31F02C
:100F9000004CCAD130F000427FF45CAF31F0004326
:100FA0007FF43CAF5FE700BF4FF0FF3C06E000BFBF
:100FB0004FF0010C02E000BF4FF0010C4DF804CDE2
:100FC0004FEA40024FEA41037FEA226C18BF7FEAF2
:100FD000236C11D001B052EA530C18BF90EA010FF4
:100FE00058BFB2EB030088BFC81738BF6FEAE17083
:100FF00018BF40F0010070477FEA226C02D15FEA1F
:10100000402C05D17FEA236CE4D15FEA412CE1D08A
:101010005DF8040B704700BF844608466146FFE751
:101020000FB5FFF7C9FF002848BF10F1000F0FBD33
:101030004DF808EDFFF7F4FF0CBF012000205DF82C
:1010400008FB00BF4DF808EDFFF7EAFF34BF0120B1
:1010500000205DF808FB00BF4DF808EDFFF7E0FF4A
:1010600094BF012000205DF808FB00BF4DF808ED9B
:10107000FFF7D2FF94BF012000205DF808FB00BFFE
:101080004DF808EDFFF7C8FF34BF012000205DF8E0
:1010900008FB00BF4FEA40024FEA41037FEA226C9F
:1010A00002D15FEA402C08D17FEA236C02D15FEACB
:1010B000412C02D14FF0000070474FF00100704703
:1010C00042000ED2B2F1FE4F0BD34FF09E03B3EBB2
:1010D000126209D44FEA002343F0004323FA02F0DE
:1010E00070474FF00000704712F1610F01D14202CA
:1010F00002D14FF0FF3070474FF00000704700BF43
:1011000053B94AB9002908BF00281CBF4FF0FF316E
:101110004FF0FF3000F00CB8ADF1080C6DE904CED3
:101120000BF00CFDDDF804E0DDE9022304B07047AC
:10113000704700BF10B5054C237833B9044B13B189
:101140000448AFF300800123237010BD200200206B
:101150000000000038CE000808B5034B1BB103495E
:101160000348AFF3008008BD000000002402002007
:1011700038CE0008084611460BF0D2BA08460BF0EC
:1011800019BA08460BF00EBA4FF6FF7399421FBF0B
:10119000CB0900EBC300406801F07F0114BF00EBF6
:1011A000C1000020704770B540B14A68C3889342BF
:1011B0000BD10A68C41D13449A4200D170BD12F8C5
:1011C000015B14F8016FAE42F6D00068ECE710B591
:1011D0000446B4F5803F084609D20B6804F10901C2
:1011E0001B68984710B10123C480838010BD002084
:1011F000FCE702460B6808465B681146184738B59D
:101200000B790446042B0D460AD0052B13D0022B74
:1012100017D10846FEF786FFC4E90050002307E017
:101220000D6828460DB1FEF77DFF0123C4E900508B
:101230002372204638BD0B68DA880833C0E90032D3
:10124000ECE70023C0E9003301238360F1E72DE9D7
:10125000FF4117460C4671B3DE6A01883046FFF73E
:1012600093FF014638B34FF00108C588B8F1000F6D
:1012700017D001A8FFF7C3FF029A974211D10023AC
:1012800001999A4206D12946304604B0BDE8F041A2
:10129000FFF77ABF14F803C0C85C844501D101335D
:1012A000EFE729463046FFF76FFF014618B1C588C2
:1012B00088F00108DAE7002004B0BDE8F081B2F55B
:1012C000803FF8B505460F461446066807D23368D6
:1012D00030469B680932984708B1C480F8BD33682E
:1012E00030465B6839469847012300202B71F5E7AB
:1012F0002DE9F74F9DF930509B4692462C46012729
:101300000A23019014B15F43013CFBE750465CA304
:10131000D3E900235946FFF74FFB002872D04FF462
:101320008076DFF86C81DFF86C91524678E9020133
:101330005B46FFF737FB48B1D9E9102350465946C1
:10134000FFF7B4F882468B46344424B2524B7610F1
:101350004345A9F10809E8D14FF0FF3800220023E6
:1013600050465946FFF732FB70B147A3D3E900233B
:1013700050465946FFF716FB30B1464B03EBC80900
:101380004FFA88F3013342D150465946FFF73EFBEE
:101390000A2206460346092B55D83046FFF70CF8BB
:1013A00002460B4650465946FEF7C8FE8046384670
:1013B0008946FFF701F802460B4640464946FFF7CB
:1013C00075F889468046FFF721FB8346FEF7F4FF58
:1013D00002460B4640464946FEF7B0FE02460B4623
:1013E000FEF7AEFEFFF712FB5844874208D80136DD
:1013F000002C42D0092E40D900200126013424B20D
:101400000A222AE04FF480764FF00808A6E700226F
:1014100079E80201214BFFF749F852465B46FFF796
:10142000D5FA60B11C4B504603EBC8035946D3E9CB
:101430000023FFF73BF882468B46A41B24B27610AC
:1014400008F1FF389CE7013DB7FBF2F7B3FBF2F37D
:101450006DB2A0E71846013D6DB2B0FBF2F302FB9E
:10146000130109B9002DF5DC019BC3E900601846A2
:101470001C819D7203B0BDE8F08F0020C0E700BF63
:1014800000000000D0126341F168E388B5F8E43E43
:1014900068DE0008D8DD000820DE000800002440D7
:1014A00038B50025436A044603441D71011D0068D8
:1014B0000AF0D6FD00B16562606A38BD38B5436A8E
:1014C000044601331F2B0D4606D80120636A5A1CBF
:1014D00062621C44257138BDFFF7E2FF0028F4D09A
:1014E0000020F8E738B5002383604368044643B919
:1014F00005681F202968FFF76AFE08B901232B71D0
:10150000606038BD38B50D464168044681B18268D7
:10151000CB889A4207D1520000680132FFF7CFFE14
:101520000146606020B1A068421C0844A2600572B8
:1015300038BD2DE9F84303790546DA070C4610D586
:1015400000220368886860B1834225D183882168BE
:10155000013B9BB2838023B90368DAB11360FFF7C4
:1015600048FE2A79D30607D52E88E06A3146FFF770
:101570000BFEA38E0380A68612F0600F06D04FF6F6
:10158000FF782E8846450AD12E806E8000232B716D
:10159000BDE8F883A360E2E702460068D3E731467E
:1015A000E06AFFF7F1FD07462146B0F80690FFF725
:1015B000C0FFA38E3B80A6864E46E3E72DE9F843A5
:1015C0000B7805462B2B0FD02D2B0ED10126013188
:1015D0000B78A3F13002092A40F288802E2B00F00C
:1015E000858000232B7097E001310026F0E78445C9
:1015F0007EEB01021CD307FB01F2A0FB07011144A3
:1016000013EB000951F100094FF0000228BF01223D
:1016100072B91B181846A04641F10001444614F85F
:10162000012BA2F13003DBB2092BE0D9002A66D0EE
:101630000024B1F5801F04F1010773D2424613461E
:1016400012F8017BA7F1300CBCF1090FF7D9A4EB1C
:1016500008041C442E2F24B20CD194464FF00A0EDD
:10166000DFF89C8163461CF8017BA7F13002D2B2FF
:10167000092A5DD907F0DF02452A40F08D805A78AB
:101680002D2A65D14FF0010C023300224FF00A09D8
:10169000013B13F8017FA7F1300E5FFA8EF8B8F125
:1016A000090F5BD9BCF1000F00D05242002F98D136
:1016B000144404F126034C2B7AD8B0F5000F71F1D5
:1016C000000375D2FFF7DAFA4E4B4F4A002CD4BF15
:1016D00098469046002CB8BF6442002C5ED1002E84
:1016E00040F08A800123A8602B7015E00020884616
:1016F0004FF0993C01460A27DFF810E18EE776B1FA
:101700004FF0004382428B4192D3022340422B7020
:1017100061EB4101C5E902012846BDE8F8830323D6
:101720002B70F7E70A220023FFF7EAFC3C4680E72C
:10173000B0F1993F71EB080394D2A0FB0E030EFBAE
:101740000133101804F1FF3443F1000124B289E79A
:101750002B2A1FD102334FF0000C96E709FB02E25F
:10176000A718B7F59A7F94DDBCF1000F08D02EB111
:101770004FF000430122AB602A70CDE70023F9E768
:1017800000222EB1224B0421C5E902232970C3E7B0
:10179000204BF8E70133DEE7002287E7E20704D5B4
:1017A000FBB258F82310FFF7AFFA6410013794E743
:1017B0004FF00008FEF744FE174F184B002CC8BF2F
:1017C0001F46002CB8BF644244B916B101F1004372
:1017D00019460423C5E902012B709DE7E30707D5ED
:1017E0005FFA88F307EBC303D3E90023FEF75EFE3D
:1017F000641008F10108E7E700F1004072E700BF5C
:1018000099990100A4DD0008BCDD00089999991997
:101810000000F0FF0000F07FD8DD000820DE0008A7
:1018200038B505460C46094809490AF08CF829469E
:1018300006480AF088F8074904480AF084F8214667
:10184000BDE8384001480AF097B800BFD80400202E
:1018500050CE000852CE00081FB5044601A80AF079
:1018600050FB204601A9FFF7DBFF01A80AF007FBA8
:1018700004B010BDF0B506460D46002487B0571ED3
:10188000A74206EB040001DD295DD1B9002103F078
:10189000CDFA0E4903A80AF034FB294668460AF03F
:1018A00030FB694603A80AF008FC01460848FFF728
:1018B000B7FF68460AF0E3FA03A80AF0E0FA07B0B7
:1018C000F0BD03F0B3FA0134DAE700BF55CE0008EB
:1018D0007FCE00082DE9F043002481460D460F46D7
:1018E00026468BB002F1FF38B04507DD09EB060054
:1018F00003F064FA431EDBB2FD2B07D900233B70D3
:101900004CB9164907A80AF0FCFA14E0012407F8BC
:10191000010B0136E8E7124904A80AF0F2FA294659
:1019200001A80AF0EEFA01A904A80AF0C6FB0146D4
:1019300007A80AF025FB0B4807A9FFF771FF07A8C6
:101940000AF09DFA2CB101A80AF099FA04A80AF04D
:1019500096FA20460BB0BDE8F08300BF72CE0008B7
:1019600064CE00087FCE0008F8B504460D46014657
:10197000154816460AF00AF81449154809F0DAFF26
:10198000214613480AF002F80AF0D4FD07460AF08F
:10199000D1FDC31BB34205D30E490D4809F0E2FF48
:1019A00000240EE0294608480AF054FA04460028AC
:1019B000EDD00949064809F0BDFF2946044809F061
:1019C000E5FF2046F8BD00BF7C0D002086CE000854
:1019D000D804002092CE00088CCE000810B5084C28
:1019E00023685BB10AF0A6FD236800F5922000F59C
:1019F0007870984234BF0020012010BD0120FCE720
:101A00003C0300202DE9F047002604460D46B04671
:101A1000A28CB3B29A42276A10D80023A3844FF64F
:101A2000FF73BC42238507D02B6839465B68284684
:101A3000984704232462E384BDE8F0871FFA86FAFE
:101A400007EBCA09D9F8041019B12B6828465B685E
:101A5000984747F83A800136C9F80480D8E738B586
:101A6000044650F80C1BFFF7CDFF002325682371B7
:101A7000A06810B984F83C0038BD03682946A3600B
:101A8000FFF7B7FBF4E738B504460568A06830B93E
:101A9000204650F80C1BFFF7B5FF204638BD036801
:101AA0002946A360FFF7A5FBF0E7022310B50371F9
:101AB00000230A79DCB2A24202D80023835410BD6D
:101AC0000C68E45CC4540133F4E72DE9F043826808
:101AD0004368032A04460D4685B003F108071CD865
:101AE000002001460733D6B25FFA80FCB4450BD321
:101AF00099B98DF80C10284601A9CDE90172FFF7BC
:101B0000D4FF05B0BDE8F08313F801CF0130BCF17C
:101B1000000F08BF41F00101E6E70026BE54D4F8EB
:101B20000080D4F80890D8F8080001A9CDE901791F
:101B30008DF80C60FFF737FB68B94A46404661688C
:101B4000FFF7BDFB23689A68026098606660052312
:101B500028602B71D5E7838801338380F7E78B8C6E
:101B600030B5013B0D6A9BB205EBC304616869B1F6
:101B7000628835F83350954208D9551C01EBC201F3
:101B800002EBC31265800160828030BD00230360D8
:101B90004FF6FF738380F8E74FF6FF732DE9F347A5
:101BA00017460A8D05469A420C460BD01146206A0C
:101BB000FFF7EAFA038828602385AA80284602B046
:101BC000BDE8F0878B8C53B16846FFF7C8FF009BD8
:101BD0006E4623B1DDE9000185E80300EEE7E28C03
:101BE000A38C93421CD1B3F5007F43D05B009EB21F
:101BF000236A3968A3424FEAC60234D10B683846DB
:101C000011469847002835D02346024604F12001AA
:101C100053F804CB8B4242F804CBF9D12062E6841E
:101C2000B4F82480384608F101039BB2B3F5007F75
:101C30000CBF7F268026A3843B68F1001B68D4F884
:101C400020909847002808BF0026002309EBC80A07
:101C5000CAF80400214629F838602846AAF802305C
:101C6000FFF77DFFAAE7D1F8088038461946C0473C
:101C70000028D3D100232B604FF6FF73AB809DE784
:101C800037B50D46044651F80C2B6846FFF784FF24
:101C9000009B43B9012223604FF6FF732A71A38092
:101CA000204603B030BD034A23605A60BDF80420CB
:101CB000A280F5E70000FFFF37B50D46044651F856
:101CC0000C2B6846FFF768FF009B43B90122236095
:101CD0004FF6FF732A71A380204603B030BDBDF8D4
:101CE00004202360A280F7E72DE9F0418AB0054681
:101CF00001A80C4680E80E00109F00294BD09DF8EB
:101D00000C3033B1042329602B7101200AB0BDE8E7
:101D1000F081029E032E11D80A4671188A4205D11D
:101D200063B901462846FFF7C0FEEEE712F801CB83
:101D3000BCF1000F08BF43F00103EFE70DF11C0CED
:101D400004AB07C883E807008CE807006146B86861
:101D5000D7F80080FFF727FA30B1838801338380FA
:101D6000052328602B71D0E741463046FFF72FFA54
:101D700078B1C31DA219944206D1002306443372E0
:101D8000BB680360B860EBE714F8011B03F8011FA0
:101D9000F1E701233B710020B8E7437E6BB9D0E93E
:101DA000043293422FBF4FF0FF335A1C02611B785D
:101DB00023EAE373037601234376007E7047000035
:101DC00010B504462046FFF7E8FF68B1A0F109030B
:101DD000DBB2172B04D8084A22FA03F3DB0707D437
:101DE00001230020237302E0207B0130C0B210BD2C
:101DF00000236376E6E700BF1300800070B5054658
:101E000000264C1E14F8010F00B970BD2846FFF7DC
:101E1000C4FF20B12378834203D16E76F2E702201B
:101E2000F3E70320F1E7F7B51946044610461646D6
:101E30001F46FEF70BFE0546FEF7E0FA32463B462C
:101E4000FEF79CFD28B10E2325602371012003B00D
:101E5000F0BD68460899FFF72FFF00980028F6D0DC
:101E60001E232371BDF804302380C0E90067EDE72D
:101E70002DE9F047054688B005F11F070C463E46A0
:101E8000FFF78BFF4FF00008DFF8F0A005F15E09C7
:101E9000A0F13003DBB2092B20D945281CD82A2811
:101EA00006D9A0F12B03DBB22AFA03F3DB0715D422
:101EB0000023F61BF6B22E4486F8203005F12001EF
:101EC00004A8FFF77BFB9DF81030013B032B53D890
:101ED000DFE803F041260E466528E9D14E45E7D0FC
:101EE00085F8198006F8010F2846FFF756FFCFE75F
:101EF000DDE9067636B90A2327602371002008B091
:101F0000BDE8F087E96902A8FFF7D6FE029BC3B1DE
:101F10001A222271BDF80C202280C3E90076EDE779
:101F2000DDE9066716F1004347F100031BB90C23F6
:101F300026602371E2E7E96902A8FFF7BDFE029B74
:101F40000BB90420DBE71C222271BDF80C20228093
:101F5000C3E90067D2E70E232371069B2360CDE718
:101F6000EB6920460093DDE90623FFF75CFF80F074
:101F700001008000C0B2C2E70320C0E70D000004EA
:101F80002DE9F04391B0044603A80D4680E80E0009
:101F9000DDF86080002940D02379002B41D14FF03B
:101FA000FF332360202323710AAF07C8434687E825
:101FB000070029462046049AFFF749F9054660BB09
:101FC00097E807000DAE86E80700414606A8FFF730
:101FD00057FE069F0FB3414608A8FFF751FEDDF8F4
:101FE0002090B9F1000F18D0CDF80080384696E85F
:101FF0000E00FFF779FE80B14FF6FF73BDF8242085
:10200000BDF81C50FA80618899420ED0D8F82C0097
:10201000FFF7BAF8C5804D466280284611B0BDE88A
:10202000F083202BC0D00025F7E72580F3E713B518
:1020300050F8044B009490E80E0004F13800FFF7CC
:102040009FFF02B010BDF7B5D1E900670546FFF765
:10205000EEFF044648B12D682946FFF76AFA32467A
:102060003B4620460095FFF7DEFE03B0F0BD70B59D
:1020700086B006460C46FFF7DAFF3668054620466E
:102080000CB1FEF74FF80023CDE903408DF8143072
:1020900055B131462846FFF74CFA009606AB284664
:1020A00013E90E00FFF720FE06B070BD70B50646BE
:1020B0000D46FFF7BCFF044628B13168FFF739FA37
:1020C0000E232560237170BD034607B5406828B113
:1020D0009A680C3300920ECBFFF752FF03B05DF805
:1020E00004FBF8B5054616460C468F18BC4203D1D2
:1020F000AB6A3344AB62F8BD284614F8011BFFF706
:10210000DDF9F3E738B5054608460C46FEF70AF850
:10211000214602462846FFF7E4FF38BD2DE9F0418D
:1021200086B00DF11604074616461D46A0463046F9
:1021300029460A220023FEF7E3FF303204F8012D7E
:1021400032462B460A2A73F1000306460D46EED2AC
:1021500021463846A8EB0402FFF7C3FF06B0BDE8EE
:10216000F08138B504460D46FFF717FEA8424FF040
:10217000000004BF6076012038BD0246036810B439
:10218000D2E9011293F83C4003F13800202C02D12F
:1021900010BCFFF75CB8002010BC70471FB5FFF7FC
:1021A000ECFF20B1014601A8FFF729F8019805B01E
:1021B0005DF804FB7F2837B50C46C1B204D8204631
:1021C000FFF7A0F903B030BD002201F03F018DF808
:1021D0000020C0F38F1261F07F011F2A8DF80110DB
:1021E000C0F387130DD863F03F038DF802300DF173
:1021F000030515F8011D0029E4D02046FFF782F9F8
:10220000F7E703F03F0363F07F03B2F5806F8DF8CB
:102210000230C2F3871305D263F01F038DF8033039
:1022200001ADE6E703F03F03120B63F07F0362F0BA
:102230000F028DF803308DF804200DF10505D8E765
:102240002DE9F04704460025FFF7A7FD2F46064677
:1022500065762046FFF7A1FD86420146677657D096
:1022600008B9022059E05C284ED12046FFF795FDC1
:102270000028F6D075283BD14FF0000A4FF0040833
:10228000D14667762046FFF788FD0028E9D0402830
:102290008ABF20F02003A0F13003373BDBB20F2BC5
:1022A0002DD808F1FF3843EA0A1318F0FF081AB2D4
:1022B0001FFA83FA84F81990E4D10AF520539BB2EF
:1022C000B3F5806F02D2C2F30905C2E70AF51053D5
:1022D0009BB2B3F5806F3ABFC2F3090242EA85228E
:1022E0005046214638BF02F58030FFF763FFB0E764
:1022F0000B4B1A781AB1904203D1597819B90320BF
:102300000BE00233F5E767762046FFF7FBF8A0E71E
:102310006068B0FA80F040098000BDE8F08700BF37
:10232000A1CE000810B50446FFF7C8F8A36A03441D
:10233000A36210BDF8B50D46164622210446FFF7EC
:10234000F1FF2E44B54204D122212046FFF7EAFFD7
:10235000F8BD15F8011B0B4B1F7967B15A79023391
:102360008A42F9D15C212046FFF7DCFF394620463E
:10237000FFF7D8FFE6E70029F9D120460249FFF729
:10238000C1FEDFE7A1CE0008B4CE000870B51D1E67
:102390000646144605DA2D21FFF7C4FF644265EBBB
:1023A000450522462B463046FFF7B8FE70BD0000BB
:1023B000F0B5194606468DB0104614461D46FEF788
:1023C000DDFA28B930464549FFF79CFE0DB0F0BD57
:1023D0000022002320462946FEF7D0FA68B922469B
:1023E0002B4620462946FDF7ABFE02460B4620460B
:1023F0002946FEF7C3FA0028E4D100220023204634
:102400002946FEF7C5FA30B12D213046FFF78AFF85
:1024100005F100431D469DF948302246009303A86C
:102420002B46FEF765FF0DF12E010D464FF00A0C0D
:10243000BDF914709DF91640039BB3FBFCF00CFB37
:102440001032303201F8012D1A46092A0346F4D819
:1024500030466A1AFFF745FEACB10AAA104621467B
:102460004FF00A0C049B013949B2B1F1FF3F2BD167
:102470002E23E4B2511E091B141B304604F8013C04
:10248000521AFFF72EFE002FA0D065213046FFF72D
:1024900049FF002FBCB205DA2D213046FFF742FF7D
:1024A0006442A4B229460A20B4FBF0F200FB1243B6
:1024B000303301F8013D2346092B94B2F4D830465D
:1024C0006A1AFFF70EFE81E7B3FBFCFE0CFB1E331E
:1024D000303300F8013D7346C5E700BFBBCE0008AE
:1024E000F7B50679054616F010000C4607D0298886
:1024F000D06AFEF749FE202E05D96949C9E0202E91
:1025000046D8012EF9D9023E1E2EF6D801A353F863
:1025100026F000BF3D2600085B260008392600088B
:10252000532600088D260008FB240008FB24000821
:10253000FB24000875260008FB2400086926000813
:10254000FB240008C9250008FB240008FB24000820
:10255000FB240008FB240008FB240008FB240008DF
:10256000FB240008FB240008FB240008FB240008CF
:10257000FB24000887260008FB24000881260008A9
:10258000FB240008E1250008FB240008F5250008CD
:10259000402EB2D14FF6FF765B212046FFF7C2FEF8
:1025A0002D88B5420BD0E26A2946D06AFEF7ECFDD1
:1025B00005462146FFF794FFED88B54215D15D2110
:1025C0002046FFF7AFFE09E02868FDF717FF0B462E
:1025D0000621024600912046FFF7EAFE03B0F0BD57
:1025E00009230093D0E90023F5E72C212046FFF7CB
:1025F00099FED8E74FF6FF777B212046FFF792FE42
:102600002D88BD4216D00126E26A2946D06AFEF71F
:10261000BBFD05462146FFF763FFED88BD4209D0AB
:10262000002E0CBF2C213A212046FFF77BFE86F0BE
:102630000106E9E77D21C3E72D6845B12846FDF78E
:1026400071FD024629462046FFF774FEC6E72A467A
:10265000F8E72968CA880831F5E729682046CA885A
:102660000831FFF73EFDB9E72A68D3172046FFF788
:102670008DFEB3E700232A682046FFF74FFDADE744
:10268000D0E90023F2E7D0E90023F5E72B7823B166
:1026900004492046FFF736FDA0E70349F9E700BFEC
:1026A000BBCE0008C0CE0008C5CE00082DE9F04121
:1026B0000026B6B0CDE900018846104631460CAC84
:1026C00002AD009F02920B9609F06CFC0FCD0FC477
:1026D0000FCD0FC495E803000DF1300C16AD84E862
:1026E0000300BCE80F000FC5BCE80F000FC594E85D
:1026F000030085E8030020AC0DF1580CBCE80F0086
:102700000FC4BCE80F000FC495E8030084E8030081
:102710002AAD0DF1800CBCE80F000FC5BCE80F001E
:102720000FC594E8030085E8030020A83496FEF75F
:10273000B7FE16A8CDF8D480FEF7B2FE87B14246A8
:1027400038462AA9FFF7CCFE2AA8FEF7A9FE0CA856
:10275000FEF7A6FE02A8FEF7A3FE36B0BDE8F081A4
:1027600002492AA8FFF7CEFCEEE700BFBBCE000867
:102770002F280CD939280CD95E2806D97A2808D9EF
:102780005A288CBF0020012070474028F8D800202C
:1027900070470120704770B50446FEF7A3FE20463F
:1027A000FFF7FBFA27281ED022281CD02046FFF76F
:1027B000F4FA0546FFF7DCFF98B1002629462046CB
:1027C0006676FEF79FFE2046FFF7E7FA0546FFF71D
:1027D000CFFF0028F2D16068B0FA80F04009800095
:1027E00000E0032070BD2046FFF72AFDFAE7000055
:1027F0002DE9F04F85B005460E461746FFF7E0FA83
:102800000446002866D12846FFF7C7FA662800F07C
:1028100005810CD8272800F0E9805B2810D02228F9
:1028200000F0E48031462846FFF722FBD2E074280E
:1028300000F0EB807B2853D06E28F3D17A49E9E091
:102840004FF0FF3333604023FFB23371002F00F0AD
:10285000C9806C762846FFF7B3FA0446002839D1C0
:102860005D212846FFF77DFCA0BB4FF6FF78013FB6
:10287000D5F81C9002A84946FFF702FADDF808A037
:10288000BAF1000F01D1042424E07188BDF80C20B6
:10289000414523D0D9F82C00FEF776FCC280728027
:1028A00051463A462846FFF7A3FF002840F09280A1
:1028B0002846FFF785FA002840F08C805D212846E5
:1028C000FFF74FFC30B92C212846FFF74AFC0028BF
:1028D000CED10324204605B0BDE8F08F3280DEE77C
:1028E0004FF0FF3333602023FFB23371002F79D0D4
:1028F0006C762846FFF764FA04460028EAD17D2169
:102900002846FFF72EFC0028E4D12846FFF743FFB6
:1029100000285FD12846FFF753FA8046002863D18C
:102920003A212846FFF71DFC0028D2D0D5E9013214
:10293000134483F80880D5F81C9069684B46083129
:102940003046AA68FEF783FC49468046002846D1F7
:102950006846FFF795F9DDF800A0BAF1000F92D0B4
:10296000494602A8FFF78CF9DDF80880B8F1000F9E
:1029700089D04FF6FF73BDF80C20BDF804B0AAF85B
:1029800006207188994227D0D9F82C00FEF7FCFB6D
:10299000A0F806B0514628467280FFF796F84146E7
:1029A00028467A1EFFF724FFA0B92846FFF708FA49
:1029B00080B97D212846FFF7D4FB00288AD12C213D
:1029C0002846FFF7CEFB002883D02846FFF7F8F90A
:1029D00000289AD004467DE7A6F800B0DAE7FEF7B3
:1029E000A8FDDCE7052475E7044673E72846FEF7F3
:1029F00079FD2846FFF724FC044600287FF46AAFDF
:102A000031462846FFF761F864E706233371012356
:102A1000064933702846FFF7F1F9DBE7062304493E
:102A200033713470F6E700BFBBCE0008C0CE00089B
:102A3000C5CE000870B5054698B00E688C68FFF7E3
:102A40000EF8002334444FF00A02684605F13801BD
:102A5000CDE90464CDE9013300958DF80C308DF893
:102A600019300795FFF7C4FE044640B99DF81830A9
:102A70002BB195F83C3013F0080F18BF03240198D0
:102A800018B1009B1968FEF7B4FB204618B070BD62
:102A900037B52324C22223460094C3211C4808F0E2
:102AA000B9FD234600941E221F211A4808F0B2FDEA
:102AB000F8221749184802F026F8002301211A4687
:102AC000164802F0B5FE164802F0B6F94FF480241D
:102AD00000224FF6FF70134B134D03F10C01D96226
:102AE00012491A719A609886D9631D601C63104B55
:102AF0009886D9630F4810491A719A6003F10C0245
:102B0000C3E90B241D6003B0BDE8304009F0F9B9FA
:102B1000F0050020D8040020A8040020380400207C
:102B200060030020900200201C0000200000FFFF36
:102B30005002002044020020B3CE0008F7B509F08F
:102B4000F9FC044609F0F6FC031BB3F57A7F3CD38D
:102B5000224B234C1B78234F234D8BB123782BB969
:102B6000012322492248237008F0FCFE1B4802F092
:102B70000FFAC7E90001194802F02EFAC5E9000171
:102B800006261C491A4808F0D5FE0096D7E900230E
:102B9000174809F0A3F81849154808F0CBFE00962D
:102BA000D5E90023124809F0A2F823789BB913490C
:102BB0000F4803B0BDE8F04008F0D4BE104802F062
:102BC00009FCC1B2054802F0AFFB0D4802F019FC48
:102BD0000028F3DCB6E703B0F0BD00BF60030020BF
:102BE000490300205803002050030020CBCE0008EA
:102BF000D8040020DFCE0008EBCE0008F3CE00089A
:102C00003804002070B50D460D49044609F079F9E5
:102C100009F090FC064609F08DFC831BAB4208D3FB
:102C2000204670BD074806F0F9FFC1B2204609F002
:102C300026FA044806F0ECFF0028F3D1EBE700BFCA
:102C4000B3CE00087C0D002030B55D495D488BB0E7
:102C5000FEF702FE5C4806F0DBFF00283DD15B4931
:102C6000594808F093FE09F065FC5949054601A84A
:102C700009F047F909F05EFC41F28732431B9342A9
:102C800036D901A809F0EAFA524907A809F039F93A
:102C900001A907A809F011FA01464A48FEF7C0FD4C
:102CA00007A809F0ECF84C4907A809F02AF907A988
:102CB00001A809F08EFA044607A809F0E0F8611CA3
:102CC0003ED146493F48FEF7C7FD4FF0FF3401A80B
:102CD00009F0D5F820460BB030BD3B4806F09EFF0A
:102CE000B8E7394806F09AFFC1B201A809F0C7F960
:102CF000354806F08DFF0028F3D1394904A809F0C2
:102D000000F904A901A809F064FA013016D1354987
:102D100007A809F0F6F807A901A809F05AFA441C17
:102D200007A818BF012409F0AAF804A809F0A7F819
:102D3000002CA6D1642009F0FFFB9BE70124F4E7F7
:102D400022462C2101A809F024FA451C04462A46F3
:102D50002C2101A809F01DFA0134034601D0421CC0
:102D600001D12149AEE72A4601A907A809F050FA86
:102D700007A809F09BFA044607A809F080F81B4948
:102D800007A809F0BEF80A22214604A809F01BF999
:102D900004A907A809F091F9022C96BF144B154914
:102DA00053F8241009F095F901460648FEF738FD5E
:102DB00004A809F064F807A809F061F887E700BFE4
:102DC0002BCF000844CF00087C0D00204BCF00081B
:102DD000B3CE00085ECF000864CF00086CCF0008B7
:102DE00061D6000858CF00088ECF000817D8000819
:102DF00084DD000821CF000830B546498DB0464833
:102E0000FEF72AFD4FF4FA6244494548FEF7ACFD4F
:102E1000444906A809F075F806A909A809F0B0F810
:102E2000414909A809F055F9404909F052F901460C
:102E3000684609F0A5F809A809F021F806A809F0E4
:102E40001EF84FF4FA6235490098FEF78DFD43F6FF
:102E5000982232493648FEF787FD044660B9354965
:102E60002D48FEF7F9FC684609F009F820460DB038
:102E700030BD314806F0D2FE2F4806F0C9FE0028CA
:102E8000F7D12E492C4808F081FD4FF4FA6009F083
:102E900053FB4FF4FA6103A8FFF7B4FE284909A8D1
:102EA00009F02FF803A909A809F007F901461A4803
:102EB000FEF7B6FC09A808F0E2FF224906A809F0CF
:102EC00020F806A903A809F084F901301AD11E4997
:102ED00009A809F016F809A903A809F07AF9431C12
:102EE0005D4209A85D4108F0CAFF06A808F0C7FFC7
:102EF00055B116490848FEF7AFFC002403A808F0B6
:102F0000BEFFB0E72546F0E711490348FEF7A4FCF1
:102F1000F4E700BF9ACF000844CF000861D600084C
:102F2000ACCF0008CACF0008B1DE000819D20008F3
:102F3000DFCF0008ECCF00087C0D00204BCF00084D
:102F4000F8CF000806D0000864CF00080ED00008B3
:102F500023D00008F0B561498BB0614808F002FD4C
:102F60004FF47A7009F0E8FA40F6B8325D495E48ED
:102F7000FEF7FAFC044630B95C4959480BB0BDE88D
:102F8000F04008F0EFBC4FF4FA7009F0D5FA4FF4B6
:102F90007A7254495648FEF7E7FC4FF4FA7009F08C
:102FA000CBFA54494E4808F0DDFC09F0C3FA064656
:102FB00009F0C0FA4EF65F22831B934201D94E49B5
:102FC000DBE74E494E4808F0E1FC4FF47A7009F017
:102FD000B3FA4C4901A808F094FF09F0ABFA40F2AB
:102FE000DB57054609F0A6FA431BBB4259D94649AF
:102FF0003B4808F09FFC01A9394808F0BDFC434953
:1030000004A808F07EFF04A901A809F0E2F800284E
:103010004DDA3F4907A808F074FF07A901A809F095
:10302000D8F8C54307A8ED0F08F029FF04A808F059
:1030300026FF002D3DD001A808F021FF354930487A
:1030400008F0A4FC4FF4FA7009F076FA2D4907A8AD
:1030500008F057FF09F06EFA044609F06BFA031BFB
:10306000B3F57A7F34D32C491D4808F063FC07A9D7
:103070001B4808F081FC4FF4FA7009F05DFAFFF785
:10308000BBFE2649164808F06DFC07A808F0F7FEBD
:103090000BB0F0BD1A4806F0C1FDC1B201A808F09E
:1030A000EEFF174806F0B4FD0028F3D19AE7254655
:1030B000BCE74FF4FA6009F03FFA01A808F0DFFE20
:1030C00076E70F4806F0AAFDC1B207A808F0D7FFBF
:1030D0000B4806F09DFD0028F3D1BEE734D0000870
:1030E000D804002061D600084FD0000852D0000854
:1030F00068D000086DD00008B7D0000897D000084D
:103100007C0D0020B3CE0008A0D00008BBD1000881
:10311000ADD00008B0D00008D9D00008F0D0000829
:1031200070B5584958488CB0FEF796FB574806F0E2
:103130006FFD0446002838D15549544808F026FC54
:1031400009F0F8F953490646684608F0DAFE09F036
:10315000F1F941F28732831B934231D9684609F075
:103160007DF84D4909A808F0CCFE694609A808F089
:10317000A4FF01464448FEF753FB09A808F07FFE70
:10318000444903A808F0BDFE029BA34243DD21464B
:10319000684608F0E4FFA0F13003092B014637D858
:1031A00003A808F06CFF0134EEE7384806F036FD5E
:1031B000BCE7364806F032FDC1B2684608F05FFF52
:1031C000324806F025FD0028F3D1344906A808F05E
:1031D00098FE684606A908F0FCFF013016D1304978
:1031E00009A808F08EFE684609A908F0F2FF451C00
:1031F00009A818BF012508F042FE06A808F03FFE06
:10320000002DABD1642009F097F9A0E70125F4E780
:10321000059B0D2B09D9059B0E3B022B0CD921498F
:103220001948FEF719FB002423E0002BBBD01949F5
:1032300003A808F0B7FEB6E7002314221A4903A832
:1032400008F08FFF194909A808F05BFE164906A887
:1032500008F057FE06A909A808F02FFF01460A4802
:10326000FEF7DEFA06A808F00AFE09A808F007FE35
:10327000012403A808F003FE684608F000FE20467B
:103280000CB070BD0AD1000853DA00087C0D002094
:1032900026D10008B3CE00085ECF000861D6000832
:1032A00058CF00082DD10008250300207EDA000841
:1032B0002DE9F04107460C4690B08F490AA81E46FA
:1032C000154608F01EFE0AA90DA808F059FE394659
:1032D0000DA808F0FEFE894908F0FBFEA16808F081
:1032E0000CFF874908F0F5FE01468648FEF798FA7C
:1032F0000DA808F0C4FD0AA808F0C1FD4FF47A72C9
:1033000081498248FEF730FBC82009F015F94FF4D7
:10331000FA627D497E48FEF727FBF0B97D4979487E
:10332000FEF79AFA4FF47A7277497848FEF71CFB59
:103330004FF4FA7009F000F94FF4FA6272497448D8
:10334000FEF712FB48B974496E48FEF785FA4FF054
:10335000FF34204610B0BDE8F0814FF47A726A491C
:103360006E48FEF701FB6E490AA808F0CAFD0AA9DB
:103370000DA808F005FE6B490DA808F0AAFE394615
:1033800008F0A7FE684908F0A4FE014601A808F06D
:10339000F7FD0DA808F073FD0AA808F070FD4FF4C2
:1033A000FA6259490198FEF7DFFA4FF47A725649EA
:1033B0005E48FEF7D9FA002E3AD03378002B37D08A
:1033C0005B490AA808F09DFD0AA90DA808F0D8FDE0
:1033D00031460DA808F07DFE534908F07AFE0146FB
:1033E00007A808F0CDFD0DA808F049FD0AA808F0CF
:1033F00046FD50490DA808F084FD31460AA808F0A2
:1034000080FD0AA90DA808F058FE01463D48FEF7C8
:1034100007FA0AA808F033FD0DA808F030FD4FF4B4
:103420007A7239490798FEF79FFA07A808F027FD36
:10343000A368002B45D040490AA808F062FD0AA9FC
:103440000DA808F09DFDA1680DA808F056FE3B49A7
:1034500008F03FFE014607A808F092FD0DA808F00D
:103460000EFD0AA808F00BFD40F6B8323449079863
:10347000FEF77AFA90B933492248FEF7EDF94FF496
:103480007A7221492148FEF76FFA07A808F0F7FC85
:103490004FF0FF3401A808F0F2FC5AE721462A4811
:1034A00008F04CFA40F2DC5009F046F8264806F0E5
:1034B000AFFBE0B913482549FEF7CEF907A808F09D
:1034C000DEFC2349204808F061FA4FF4FA7009F055
:1034D00033F809F02FF847F22F57044609F02AF87D
:1034E000031BBB4236D900264FF0FF3487E0164855
:1034F00006F094FBDAE700BF4FD10008C0D2000805
:1035000055D1000859D1000861D6000862D10008E1
:103510006ED100087AD1000894D10008AAD1000821
:10352000BED100089ADE000819D20008D9D10008DF
:1035300002D200081BD2000824D2000831D20008B1
:1035400038D2000841D200087C0D002065D2000866
:1035500073D20008964806F05BFB0028BED00A2212
:1035600093490AA808F010FC0AA808F077FE0C9B03
:1035700073B190490DA808F0C4FC0AA90DA808F081
:103580009CFD01468C48FEF74BF90DA808F077FC2E
:103590008A490DA808F0B5FC0DA90AA808F0CDFDD0
:1035A00006460DA808F06BFC002E00F083802C214D
:1035B0000AA808F0FCFD441C22462C210AA808F0A9
:1035C000E8FD224603460AA906460DA808F020FE9B
:1035D0000DA808F06BFE04460DA808F050FC721C04
:1035E0000C9B0AA90DA808F013FE0DA808F05EFEBA
:1035F00006460DA808F043FC0AA808F040FC7049F4
:103600000AA808F07EFC0A22214607A808F0DBFC85
:1036100007A90AA808F051FD6A4908F05AFD0746B3
:103620000A2231460DA808F0CEFC0DA9384608F054
:1036300044FD01466048FEF7F3F80DA808F01FFCB2
:1036400007A808F01CFC0AA808F019FC002D00F0DF
:103650009F80002E40F39C805B490DA808F051FC30
:103660000A2231460AA808F0AEFC0AA90DA808F003
:1036700024FD014604A808F083FC0AA808F0FFFB1B
:103680000DA808F0FCFB4A4806F0C2FAB0B904A93C
:10369000474808F071F94D4907A808F032FC08F0D6
:1036A00049FF42F20F78064608F044FF831B43456A
:1036B0000FD921E00AA808F0E2FB0FE73C4806F02A
:1036C000ADFAE0E73A4806F0A9FAC1B207A808F057
:1036D000D6FC374806F09CFA0028F3D13C490DA8E7
:1036E00008F00FFC0DA907A808F073FD07460DA808
:1036F00008F0C5FB0137D7D036490DA808F001FC0A
:103700000A2209990AA808F070FC0AA90DA808F075
:10371000D4FC314908F0DDFC07A908F0CEFC0146D5
:103720002548FEF77DF80AA808F0A9FB0DA808F0C7
:10373000A6FB7B2107A808F03AFD06467D2107A8D5
:1037400008F061FD002E2ADB864228DA431C32464F
:1037500007A90DA808F05CFD0DA9284608F01AFC81
:103760000DA808F08CFB1D490DA808F0CAFB2946DE
:103770000DA808F0A2FC01460F48FEF751F80DA86D
:1037800008F07DFB07A808F07AFB04A808F077FB97
:103790004FF47A720E491248FEF7E6F87AE607A966
:1037A000284608F0DEFB0F490348FEF755F8E9E725
:1037B0007C0D002083D2000859D100088AD200086D
:1037C00097D200089FD20008A9D20008B3CE000803
:1037D00061D60008B8D20008C3D20008C9D20008D8
:1037E00062D10008D0D20008F0B5854E9FB01422F7
:1037F00031461020FEF76EF80EAC0546C0B1814987
:10380000204608F07EFB31460AA808F07AFB0AA998
:10381000204608F052FC01467B48FEF701F80AA852
:1038200008F02DFB204608F02AFB28461FB0F0BD0B
:103830007649204608F065FB75490AA808F061FB47
:103840000AA9204608F039FC01466F48FDF7E8FF59
:103850000AA808F014FB204608F011FB6D490AA8DD
:1038600008F04FFB0AA9204608F08AFB6849204669
:1038700008F02FFC014601A808F082FB204608F062
:10388000FEFA0AA808F0FBFA634904A808F039FB1D
:10389000019F6149204608F034FB2B4604AA2146CB
:1038A0003846FFF705FD0746204608F0E8FA5B4971
:1038B000204608F026FB0A2239460AA808F083FBB6
:1038C0000AA9204608F0F9FB01464F48FDF7A8FF7A
:1038D0000AA808F0D4FA204608F0D1FAA7F1C803E4
:1038E000012B1DD94E49204608F00BFB0A22394610
:1038F0000AA808F068FB0AA9204608F0DEFB01468A
:103900004148FDF78DFF0AA808F0B9FA204608F0F3
:10391000B6FA04A808F0B3FA01A808F0B0FA84E7F0
:10392000069B23B93F493848FDF796FFF1E73E4B28
:1039300020460E9311AB19934FF480231A934FF640
:10394000FF73ADF86C30394B04A98DF83C501095DD
:103950001D93FFF76FF8C7B2DFB135490AA808F029
:10396000D0FA344B07A853F8271008F0CAFA07A971
:103970000AA808F0A2FB01462348FDF751FF07A85B
:1039800008F07DFA0AA808F07AFA2046FEF77BF8DC
:10399000BFE7294B01270B930C230AA80A940C9329
:1039A0008DF83470FEF7FAFB014608B1037823B9AD
:1039B00022491548FDF750FFE7E71322304608F08B
:1039C00090FF1F490AA8F57408F09BFA314607A832
:1039D00008F097FA07A90AA808F06FFB01460A4801
:1039E000FDF71EFF07A808F04AFA0AA808F047FAF0
:1039F000142231461020FDF73DFF3D46C5E700BFCC
:103A000011030020F4D2000809D300080ED30008E7
:103A10002503002035D30008B3CE000859D3000891
:103A200074D3000883D300081C0000200000FFFFAF
:103A300059D800080400002099D30008A6D3000834
:103A4000C2D300082DE9F04F7C49B1B07C48FDF7A6
:103A500003FF13AA1B927B4A4FF000080125219215
:103A60004FF4802A04224FF6FF79774B20ACDFF821
:103A7000DCB110AF20467649CDE91F372292CDF850
:103A800040B08DF84480CDF84880CDF870A0ADF8F6
:103A900074908DF88C50FEF7EAFA6E4A2046219217
:103AA0000C226D49229220978DF88C50FEF7DFFA98
:103AB0006A4903A808F025FA1EAACDE9012739466C
:103AC00003AA0198FEF7F2FD6549204608F019FAAD
:103AD00003A9204608F0F1FA01465948FDF7A0FE77
:103AE000204608F0CCF95D4906A808F00AFA4346DA
:103AF00006AA03A95B48FFF7DBFB06465A492046A6
:103B000008F0FFF90A2231460CA808F05CFA0CA96B
:103B1000204608F0D2FA01464948FDF781FE0CA87C
:103B200008F0ADF9C83E204608F0A9F9AE4211D917
:103B30004E494348FDF790FE454606A808F09FF918
:103B400003A808F09CF93846FDF79DFF284631B0E0
:103B5000BDE8F08F23ABCDE92B3A3B4B204606A9BD
:103B60008DF88480CDF88880CDF880B0ADF8B49021
:103B70002F93FEF75FFF5FFA80F80646B8F1000F5B
:103B80001CD03B490CA808F0BCF93A4B09A853F8E3
:103B9000281008F0B6F909A90CA808F08EFA014619
:103BA0002748FDF73DFE09A808F069F90CA808F0C0
:103BB00066F900252046FDF766FFBEE72E4B0CA8F0
:103BC0000D9308230C940E938DF83C50FEF7E6FA03
:103BD000014608B1037823B928491948FDF73CFE8E
:103BE000E7E7DFF89C803F22404608F07AFE25494F
:103BF0000CA888F83F6008F084F9414609A808F04D
:103C000080F909A90CA808F058FA01460C48FDF7FC
:103C100007FE09A808F033F90CA808F030F908F0FD
:103C200089FC194B00F5491000F5D5501860174B69
:103C3000174903481D70FDF70FFEBBE7CBD3000803
:103C400009D30008E2D300080000FFFF1C00002099
:103C50002503002099D3000811030020B3CE0008EB
:103C6000E7D30008EED300080CD4000815D40008F0
:103C700059D800080400002028D4000831D40008D6
:103C8000D1020020DEDA00083C030020D002002030
:103C900049D400082DE9F041DFF82881A0B098F858
:103CA000003013B1484E337833B94849484820B002
:103CB000BDE8F041FDF7D0BD46494548FDF7CCFDD4
:103CC000454B0024109313AB1B934FF480231C939C
:103CD0004FF6FF73ADF87430404B01271F93404BF4
:103CE00010AD0D9304230CA83E490E938DF83C7043
:103CF0008DF8444012940C95FEF7B9F93A4B0CA894
:103D00000D930C2339490E938DF83C700C95FEF7FA
:103D1000AEF9374903A808F0F4F81EAB184603AA19
:103D20002946CDE90135FEF7C1FC32490CA808F05F
:103D3000E8F80CA909A808F023F9314609A808F009
:103D4000C8F9014606A808F01BF909A808F097F879
:103D50000CA808F094F8069B224603A92648FFF712
:103D6000A7FA0746254909A808F0CBF80A223946E0
:103D70000CA808F028F90CA909A808F09EF901463A
:103D80001348FDF74DFD0CA808F079F809A808F0D4
:103D900076F840222146304608F07CFD184B194940
:103DA0000B481C6088F80040FDF756FD06A808F097
:103DB00066F803A808F063F82846FDF764FE20B013
:103DC000BDE8F081D0020020D102002068D40008B4
:103DD00087D400088CD400081C0000200000FFFFDE
:103DE000E2D300082503002099D300081103002026
:103DF000B3CE0008A7D40008B5D400080CD400083E
:103E00003C030020D1D400087FB50446254968460C
:103E100008F077F8694603A808F0B2F8214603A82D
:103E200008F057F9204908F054F901461F48FDF7FA
:103E3000F7FC03A808F023F8684608F020F8FFF71D
:103E400029FF1B491948FDF707FD00210C2008F048
:103E500037FB4FF4FA6008F06FFB16491348FDF783
:103E6000FBFC01210C2008F02BFB4FF47A7008F0CA
:103E700063FB11490D48FDF7EFFC104807F0ABFC60
:103E80004FF4FA7008F058FBBFF34F8F0C490D4BFD
:103E9000CA6802F4E0621343CB60BFF34F8F00BFE8
:103EA000FDE700BFE1D40008A2D40008F6D4000862
:103EB000FCD4000812D500082BD50008D804002037
:103EC00000ED00E00400FA0510B57E497E4886B09A
:103ED000FDF7C2FCFEF7B8FE0128044606D17B4977
:103EE0007948FDF7B9FC012006B010BD784903A858
:103EF00008F007F80A222146684608F064F8694687
:103F000003A808F0DAF8734908F0E3F801466E48B0
:103F1000FDF786FC684607F0B2FF03A807F0AFFF85
:103F200041F288326C496D48FDF71EFD4FF4FA608E
:103F300008F002FB08F0FEFA044608F0FBFA47F22C
:103F40002F53001B984204D965495F48FDF784FC54
:103F500033E06449644807F019FD4FF4FA7008F043
:103F6000EBFA6249604807F075FF00BB604903A89F
:103F700007F0C7FF08F0DEFA4FF47A71001B0A223F
:103F8000B0FBF1F1684608F042F8694603A808F072
:103F900094F8584908F09DF801464B48FDF740FC5D
:103FA000684607F06CFF03A807F069FFC5E75249B0
:103FB0004D4807F04FFF0028D8D0FEF71DFF0446FC
:103FC00008B14E498CE74E493F48FDF745FC4FF498
:103FD000FA6241494B48FDF7C7FC21460C2008F026
:103FE0006FFA4FF4FA6008F0A7FA01210C2008F0EC
:103FF00067FA44F6206008F09FFA4FF416513A48E9
:1040000005F07CFE4FF4FA7008F096FA41F288321F
:1040100031493D48FDF7A8FC30B92B483B49FDF735
:104020001BFC3B48FFF7F0FE4FF47A722A493948EF
:10403000FDF79AFC08F07EFA044608F07BFA49F690
:104040003F43001B984201D93348EBE725492648F6
:1040500007F09CFC4FF4FA7008F06EFA23492248EE
:1040600007F0F8FE00BB224903A807F04AFF08F05A
:1040700061FA4FF47A71001B0A22B0FBF1F1684635
:1040800007F0C5FF694603A808F017F8194908F0BA
:1040900020F801460C48FDF7C3FB684607F0EFFE29
:1040A00003A807F0ECFEC8E713490F4807F0D2FE5B
:1040B0000028D8D0FEF7A0FE08B91848B2E7184982
:1040C0000EE700BF40D5000861D5000866D500089E
:1040D00078D500088ED5000861D60008A5D500085F
:1040E0009ED6000897D000087C0D0020B2D50008AD
:1040F000B9D50008C8D50008BBD10008CBD5000849
:10410000DCD5000862D100084FD000080CD60008AA
:104110002ED6000868D000087FD6000864D60008B4
:1041200053D6000810B50D490D48FDF795FBFFF774
:10413000CBFEFFF759FB30B90A490948FDF78CFB64
:104140000024204610BDFFF77DFC044608B906494F
:10415000F3E706490248FDF77FFBF2E7C3D6000804
:1041600009D30008E1D60008F6D600080CD70008ED
:104170002DE9F04F0746A7B01149124807F0DAFBC6
:104180000A2239460F4807F042FC0F490D4807F054
:10419000E9FB4FF4FA7008F0CFF9FFF795FEFDF751
:1041A0001DFCC8B109490A48FDF756FBFFF7BAFFE5
:1041B00090B90849064827B0BDE8F04FFDF74CBB61
:1041C0002ED70008D804002041D7000846D70008A1
:1041D00070D7000877D70008FEF7B0FCB24800F0AF
:1041E000BDFD0646B04800F0C5FD0546AE4800F0EE
:1041F000CDFD314604463046FCF74CFF20B9002186
:104200003046FCF71FFF00B1002629462846FCF780
:1042100041FF002840F0C18100212846FCF712FF31
:1042200000B10025A84621462046FCF733FF0028B0
:1042300040F0B68100212046FCF704FF00B10024C5
:1042400025464FF001094FF0040A4FF0020B974941
:10425000974807F06FFB02223146954807F074FC3F
:104260009449934807F066FB032241469048924CDC
:1042700007F06AFC91498E4807F05CFB0222294650
:104280008B4807F066FC2046FDF7E9FB8C4B8D4917
:104290000EA80F930E94CDF840A08DF84490FDF732
:1042A000E6FE894B31460EA80F930E94CDF840B030
:1042B0008DF84490FDF7FAFE844B41460EA8CDE9F7
:1042C0000F3B0E948DF84490FDF7F0FE804B814932
:1042D0000F9303230EA810930E948DF84490FDF7CE
:1042E000B2FE7D4B7D490EA8CDE90F3A0E948DF8B4
:1042F0004490FDF7A8FE7A4B29460EA8CDE90F3B66
:104300000E948DF84490FDF7D1FE764B0EA8CDE9C2
:104310000F3A0E948DF84490FDF789FE054630B1B2
:104320002146FDF706F90C232B7100232B606E4B01
:104330000EA80F930223109300230E948DF844309F
:10434000FDF775FE054638B15B49FDF7F2F84FF011
:10435000FF332B6020232B71644B0EA81193032392
:1043600012930123CDE90F548DF84C30FDF7ACFECC
:10437000064640B15049FDF7DCF8002200233046E4
:104380000094FDF750FD5A4B0EA81193022312938F
:104390000123CDE90F548DF84C30FDF795FE05460D
:1043A00028B14549FDF7C5F80C232F602B71514901
:1043B000514807F0F7FD514B4F4A18462146CDE9C9
:1043C0000334FEF773F94E49394807F0B3FA4A4906
:1043D000374807F0D1FA4FF4FA7008F0ADF84949C0
:1043E0000BA807F08EFD0BA90EA807F0C9FD4649E2
:1043F0000EA807F06EFE014605A807F0C1FD0EA845
:1044000007F03DFD0BA807F03AFD3A4908A807F070
:1044100078FD059B38493D4808AAFEF749FFA0F101
:10442000C803012B044600F2E68039490EA807F0C4
:1044300068FD0A2221460BA807F0C5FD0BA90EA8AE
:1044400007F03BFE334907F044FE01463248FDF7D2
:10445000E7F90BA807F013FD0EA807F010FD0A9C62
:10446000002C00F0C6802D4D089E2846FDF7F7FA77
:10447000002334444FF00A0205F138010EA8CDE9BB
:104480001264CDE90F330E958DF844308DF851301C
:104490001595FEF7ADF90446002847D19DF8503038
:1044A000002B43D03CE000BFA80400209FD70008A9
:1044B000D8040020A9D7000890020020AED7000839
:1044C00053DA000825030020B3D70008B6D7000848
:1044D000B9D7000858030020BDD7000850030020BA
:1044E000C2D70008C5D70008CAD70008CDD7000832
:1044F000D1D70008B3CE000844020020C802002033
:10450000D4D70008A7D40008D102002068DE000834
:10451000E7D700081FCF000870D70008500200201E
:1045200095F83C3013F0080F18BF03240F9818B10A
:104530000E9B1968FCF75DFE002C3DD14F4B0EA879
:104540000F930B23109301230E958DF84430FDF744
:1045500014FE38B303791A1F012A01D9022B21D185
:104560000EA8FDF71BFE04464549464807F0E2F950
:104570002146444807F00AFA20464349FBF7C8FDA4
:10458000424C88B90121C42007F09AFF0123404919
:1045900023703C4807F0E6F918E04FF0000842E6C7
:1045A00000254EE63B4CDFE70021C42007F088FFE2
:1045B000002339492370ECE73849324807F0BAF94B
:1045C000374B304853F8241007F0E0F935492D48AF
:1045D00007F0C8F9002F4CD10121384600F026FC25
:1045E00008A807F04CFC05A807F049FC27B0BDE877
:1045F000F08F2D49CDE740F2911320F002029A424C
:104600001FD12A490EA807F07CFC0A2221460BA8DC
:1046100007F0D9FC0BA90EA807F04FFD244907F0BD
:1046200058FD01462348FDF7FBF80BA807F027FCCF
:104630000EA807F024FC00231F4A13601F4A1370C2
:10464000C4E71F490EA807F05CFC0A2221460BA80C
:1046500007F0B9FC0BA90EA807F02FFD014615487D
:10466000FDF7DEF80BA807F00AFC0EA807F007FC20
:10467000ACE7022FB4D100210846AFE7FDD7000810
:1046800009D80008D804002027D7000848030020D4
:104690001FD8000823D7000838D8000852D80008CF
:1046A00004000020E5D800086CD8000899D800085C
:1046B000B0D8000870D700083C030020D0020020CA
:1046C000D1D8000810B5062286B04FF4E1316C480D
:1046D00007F09AF84FF4FA7007F02EFF694968481E
:1046E00007F040F96849664807F03CF967496448B3
:1046F00007F038F96649624807F034F90121C4200F
:1047000007F080FE0021C42007F0DAFE61495C4812
:1047100007F028F906224FF416515F4807F074F8A5
:104720005E49574807F01EF94FF416515C4801F0F6
:104730006DF95C49524807F015F9002000F03EFB86
:104740000128044603D158494D4807F00BF90121CF
:104750000C2007F057FE5549494807F003F900219E
:104760000C2007F0ADFE4FF4FA7007F0E5FE0121D2
:104770000C2007F0A5FE47F2305007F0DDFE4FF4A5
:1047800016514B4805F0BAFA4FF47A7007F0D4FE90
:10479000484B1B784BB9FEF7C3FC30B94648474934
:1047A000FDF75AF84648FFF72FFB464903A807F0E4
:1047B000A8FB4049684607F0A4FB694603A807F038
:1047C0007CFC01463C48FDF72BF8684607F057FB98
:1047D00003A807F054FBFEF7BDFB3B493648FDF745
:1047E0003BF8FFF79FFC002832D138493248FDF7EB
:1047F00033F8012C0ED13649214807F0B3F80220D6
:10480000FFF7B6FC0021084600F010FB31491C48B8
:1048100007F0A8F8FF22304B304919481A7007F00A
:10482000A1F82F49164807F09DF82E49144807F0C3
:1048300099F82D49124807F095F82C49104807F0CF
:1048400091F813490E4806B0BDE8104007F08AB849
:10485000274903A807F055FB6846264907F051FB96
:10486000694603A807F029FC01461348FCF7D8FF66
:10487000684607F004FB03A807F001FBB9E700BF97
:10488000D8040020FED8000828D9000851D9000813
:104890007DD90008A7D90008F0050020B8D9000884
:1048A00038040020D3D90008EDD900081FDA000829
:1048B0007C0D00202503002058DA00083DDA0008AE
:1048C0005EDA000877DA000885DA00089FDA000867
:1048D000E9DA00081ADB0008000000203CDB0008D1
:1048E00052DB00086BDB000884DB00089EDB00085D
:1048F000D2DA0008D10200202DE9F04107F01AFEBB
:104900000446544800F07DFD002857DC524B1B78CC
:10491000A3B1524B1A782AB90122514951481A7051
:1049200007F020F84C4800F033FB4F4BC3E900017F
:10493000494800F051FB4D4BC3E900014C4800F0E1
:1049400019FA4C4D0146804695F90060FCF7A2FB30
:10495000002847D100214046FCF774FB0746002899
:1049600040D14FF07C514046FCF78AFB002839D0FB
:10497000414B1C60731C29D13846404B2F701C6082
:10498000FFF7F6FB4EF65F213D4A1368E31A8B42B0
:1049900006D995F900001460022801D0FFF7E8FB62
:1049A000384A39491368E31A8B424FD3374838499C
:1049B0001460FCF751FF3748FFF726FA254800F04E
:1049C00009FDC1B2244800F0AFFC9AE7002ED9D10E
:1049D00047F22F52294B1B68E31A9342D2D9012088
:1049E0002870CDE7012E20D1234F2B4B3E68A61B0C
:1049F0009E42C7D929491B4806F09CFF4FF47A71A3
:104A00000A22B6FBF1F1174807F003F824491548CC
:104A100006F0A8FF02202870FFF7AAFBFF232B70E7
:104A20000023164A3B601360ACE7002EAAD1124B5C
:104A3000194A1B68E31A9342A4D91A49094806F097
:104A400091FFFF232B700D4B1E609BE7BDE8F041EB
:104A500007F031BC38040020600300204903002027
:104A6000B6DB0008D80400205803002050030020C3
:104A7000A8040020000000203C020020400200208A
:104A8000440300204003002080EE36005ADC00087A
:104A900028DC00085FDC0008DF930400D2DB00089C
:104AA000DCDB000801DC000808B5084807F0E7F97E
:104AB0000748FCF7E8FF0748FCF7E5FF064800F069
:104AC00085FDBDE80840054800F00AB84402002012
:104AD000500200209002002038040020A80400208A
:104AE000704710B55C1EE4B2F82C28BFF8230271A1
:104AF00043714FF0FF324FF0FF33C0E90A23002328
:104B00000160837110BD70B50C46054616462046FF
:104B100006224FF4165106F077FE2846334600224F
:104B20002146FFF7DEFF70BD4FF6FF7010B5074C52
:104B30000A44914200D110BD11F8013B4340DBB261
:104B400034F8133083EA1020F3E700BFBADE000820
:104B5000022A38B50C4615460ED9023A92B2FFF732
:104B6000E3FF621912F8011C12F8023C43EA012328
:104B70001B1A5842584138BD0020FCE72DE9F0418E
:104B800005460E46904607F0D5FC002407464445EE
:104B900014DA07F0CFFCC01B63280FD8286803681D
:104BA0001B699847002806DD286803685B699847F9
:104BB000631C3055DCB207F07EFBE8E72246314645
:104BC0002846FFF7C5FF0028A87114BF2046002023
:104BD000BDE8F08138B51546023A0C4692B2FFF7AF
:104BE000A3FF621902F8020C000A02F8010C38BD9A
:104BF0007FB50446BDF8240052BA461EF62E88BF83
:104C000060795BBA8DF800008DF801102046694686
:104C1000ADF8022008229DF82050ADF80430FFF7CF
:104C2000D9FF20680822036869465B6898479DB1F0
:104C3000082220460DEB0201FFF7A0FF68B16B468A
:104C4000082202A913F8014B11F8010B844206D186
:104C5000013A12F0FF02F5D1012004B070BD00202E
:104C6000FBE7000073B5044607F064FCA36AC01AB2
:104C7000C82865D907F05EFC00264FF6FF73334D58
:104C8000C4E90A0632460421CDE9006320460A231E
:104C9000FFF7AEFF192229462046FFF76FFF1928BC
:104CA00051D1B5F8030040BA80B2FBF785FB002272
:104CB000274BFBF725FDFBF7C9FEA060D5F80500E3
:104CC00040BAFBF779FB0022224BFBF719FDFBF7FB
:104CD000BDFEE060D5F8090040BAFBF76DFB00228D
:104CE0001B4BFBF70DFDFBF7B1FE2061D5F80D0066
:104CF00040BAFBF761FB0022164BFBF701FDFBF707
:104D0000A5FE6061B5F8110040BA80B2FBF754FB14
:104D100000220F4BFBF7F4FCFBF798FEA061B5F8FF
:104D2000130040BA80B2FBF747FB0B4B0022FBF7A6
:104D3000E7FCFBF78BFEB5F81530E0615BBA238426
:104D4000012002B070BD3046FBE700BF080700201D
:104D50000000244000408F400000594010B5044638
:104D6000FFF780FF08B1A06810BD0148FCE700BF55
:104D70000000C07F10B50446FFF774FF08B1E0687B
:104D800010BD0148FCE700BF0000C07F10B504461D
:104D9000FFF768FF08B1206910BD0148FCE700BFBC
:104DA0000000C07F08B54FF480620249024807F056
:104DB0001BFE08BD00FC01082807002010B50446B2
:104DC000FFF7F0FF014B185D10BD00BF2807002062
:104DD000002370B586B0CDE9013301230F4C059354
:104DE000CDE9033400F0A6FFB0B940F215120C4B28
:104DF00001A9DA6002A801F047F858B9094D0A4E36
:104E00002146F5E80223032000F0DAFF10B9083448
:104E1000B442F5D100F0A0FF06B070BD00FC01085F
:104E2000002002402807002000000208014B19540E
:104E3000FFF7CEBF2807002000224FF40071C0E921
:104E40000022C0E90222C0E90422C0E90622C0E92A
:104E50000822C0E90A22C0E90E22C0E91222C0E9F4
:104E60002E12C0E930220263826502668266026702
:104E70008267C0F88020C0F88820C0F89020C0F871
:104E80009820C0F8A020C0F8A820C0E93222C0E9CC
:104E900034227047A1F14103052B02D8A1F137005C
:104EA0007047A1F16103052B94BFA1F15700A1F157
:104EB0003000704738B5044605782D2D08BF013401
:104EC000204607F06BFB64235843224614F8013B4D
:104ED000A3F130010929F8D92E2B0BD15378303B9F
:104EE000092B07D80A2101FB03009378303B092BDB
:104EF00098BFC0182D2D08BF404238BD38B50D46AB
:104F0000044607F04BFB6423B0FBF3F203FB1203F0
:104F1000204611492A804B4302780146A2F1300411
:104F2000092C00F10100F7D92E2A0BD10A240A48D6
:104F300003E0B0FBF4F000FB023311F8012F303A2C
:104F4000092AF6D9032203EB83030133B3FBF2F3FF
:104F50006B6000232B7238BD80969800C36910B532
:104F60004360036A0446836090F824300373836AC5
:104F70000361C36A436190F83030037607F0DAFAD0
:104F800040F201136063238010BD000000000000A8
:104F90000023D0B5044643708068FBF70DFA0CA3DC
:104FA000D3E90023FBF7ACFB0646A0880F46FBF7CE
:104FB00013FA0B46024639463046FBF7C1F8237B0D
:104FC00013B101F100431946D0BD00BFAFF300801B
:104FD0000000000065CDCD410023D0B504464370EC
:104FE0004069FBF7E9F90CA3D3E90023FBF788FB41
:104FF0000646208A0F46FBF7EFF90B460246394674
:105000003046FBF79DF8237E13B101F100431946AA
:10501000D0BD00BFAFF300800000000065CDCD41E2
:10502000836810B54360044607F084FA40F2011328
:10503000E060238010BD836810B54360044607F02C
:1050400079FA40F20113E060238010BD10B50446E8
:105050000846FFF72FFFA06010BD10B504460846B4
:1050600007F09CFAA06010BDC36810B583600446C9
:1050700007F060FA40F201136060238010BD10B5A4
:1050800004460846FFF716FFE06010BDC36810B580
:105090008360044607F04EFA40F2011360602380FB
:1050A00010BD10B50446084607F078FAE06010BD60
:1050B000014610B50446103007F08EFC07F03AFAAE
:1050C00040F201132062A38410BD102207F009BC36
:1050D00070B590F8A9600446002E65D090F8AA102B
:1050E000FFF7D8FE94F8AB1002462046FFF7D2FE39
:1050F00094F8A83000EB0210C0B283424DD1D4F82E
:10510000D4300133C4F8D43094F8BC3023B1D4F88F
:10511000CC300133C4F8CC3094F8B9301BB3012B38
:1051200015D104F13800FFF77BFF04F14800FFF7C9
:1051300082FF94F8BC3053B12046FFF70FFF04F113
:105140005800FFF791FF04F16800FFF78DFFD4F8D6
:10515000C45035B1D4F8C430A86A996AFAF7D8FFB8
:10516000B0B1304670BD04F14800FFF764FF94F819
:10517000BC3033B12046FFF7F1FE04F17800FFF7B1
:1051800073FF04F18800FFF781FF04F19800DCE76A
:105190002846FFF78DFF2D6BDBE7D4F8D0300133C5
:1051A000C4F8D0300026DCE790F8BA507DBB00F19F
:1051B000AA0630465849FAF7ABFF20B330465749A4
:1051C000FAF7A6FFF8B130465549FAF7A1FF38B112
:1051D00030465449FAF79CFF051E18BF01256D00A3
:1051E00084F8B950D4F8C050C4F8C450002DD9D0B8
:1051F0003146A86AFAF78CFF002806DBD2D00023DC
:10520000C4F8C430CEE70125EAE72D6BECE790F84F
:10521000B920022A23D090F8AA3003B345EA4215F8
:10522000013D282D1BD8DFE805F0153B42494C63B2
:10523000686E721A1A1A1A1A1A1A1A1A1A1A1A1AD4
:105240001A1A1A1A1A1A1A1A1A1A15343B42494CFF
:1052500053595D0000F1AA014830FFF7F7FED4F87A
:10526000C45004F1AA06002D9CD0D4F8C430A86A1A
:10527000996AFAF74DFF002894D1EA6A94F8BA3097
:105280009A428FDC03D131462846FFF71EFF2D6B73
:10529000E9E7A3F141004342434184F8BC30DEE733
:1052A00000F11C0104F1AA00FFF728FED7E7A3F1E3
:1052B00053014B424B4180F82430D0E700F12801E4
:1052C000F0E7A3F157025342534180F83030C6E76C
:1052D00000F1AA015830FFF7D2FEC0E700F1AA01A1
:1052E0006830F8E700F1AA013830FFF7B6FEB6E7FC
:1052F000302B94BF00230123CFE700F1AA018830AF
:10530000FFF7CFFEABE700F1AA019830E3E700F129
:10531000AA017830DFE700BFD1DC0008D7DC000845
:10532000DDDC0008E3DC000838B5D0F8C8302429FB
:1053300003F1010304460D46C0F8C8302AD090F8A6
:10534000BB301CD80A2901D00D292FD10E2B4FF0CC
:10535000000005D8234483F8AA002046FFF7B8FED2
:1053600094F8BA30013384F8BA30002384F8BB30A3
:10537000A5F12A035D425D4184F8A95038BD2A2970
:10538000E4D02C2912D190F8A82082F02C0280F8C9
:10539000A820DBE700230222A0F8A83080F8B9207B
:1053A000A0F8BA3080F8BC300020E7E70D2B9FBF93
:1053B0005A1C1B1984F8BB2083F8AA5094F8A93012
:1053C000002BF1D194F8A8305D4084F8A850EBE7A9
:1053D0000020704790F86A2090F869309A420DD00A
:1053E00090F86A30034493F8292090F86A3001332A
:1053F00003F03F0380F86A30104670474FF0FF30EB
:10540000704790F8693090F86A2003F14000801AE4
:10541000434203F03F0300F03F0058BF584270473B
:1054200072B6002380F8693080F86A3062B670473F
:1054300090F86A2090F869309A421DBF90F86A305F
:10544000C01890F829004FF0FF307047012A02D1B0
:10545000016000207047022A05D0032AF9D0002AF3
:10546000F7D10260F5E70B680360F2E703681847BD
:105470007FB5214D0C462B688B422FD01F4802F080
:1054800053FC1E48002C33D002F00EFE01214FF6D3
:10549000FE7204EB4403B0FBF3F6964220D81748A3
:1054A00002F07FFD00223146144802F029FE00225E
:1054B0001248114602F04AFE00230193104B694640
:1054C0000093104B0D4803930F4B029302F0D5FE4F
:1054D000029B43B9094802F010FD2C6004B070BD76
:1054E00040084900D7E70322694668469847F1E734
:1054F00002F029FDF1E700BF280B00204C0B002033
:105500000D5800086D5400084D54000890F82810FC
:10551000D0E907238907C3F30F234FF00101408A25
:105520004CBF5361136106F06DBF90F82830008ABC
:1055300013F0020F0CBF0221032106F063BF00002D
:1055400090F8283070B55B0704460E460ED50B4D1B
:105550002B6861B1834209D0FFF7E7FF4FF0FF32BC
:10556000074B1A600222074B1A602C6070BD834201
:10557000FCD1FFF7CBFF2E60F8E700BF400B002007
:1055800020000020380B002038B50D4D04462B6854
:10559000834213D10B4B19680029FCD194F82830B1
:1055A0005B0702D52046FFF7CBFF0021064B2046C4
:1055B00029601960FFF75CFF012038BD0020FCE77F
:1055C000480B0020440B0020400B002010B504467F
:1055D000024B0360FFF7D8FF204610BDC4E000086F
:1055E00010B50446FFF7F2FF2046702103F0CFFB11
:1055F000204610BDF8B50446144F3868A04222D0AA
:10560000134E3368002BFCD108B1FFF7BDFF012515
:105610004FF0FF320F4B20461D600F4B616A1A603E
:10562000FFF726FF94F828303C605B0703D40B4B50
:105630001C600120F8BD3368002BFAD129462046B2
:10564000FFF77EFFF5E70020F4E700BF480B0020DE
:10565000440B0020380B002020000020400B0020CD
:1056600070B5044690F82830184D43F0080380F8D0
:1056700028302B68002BFCD194F82820144B4900CB
:10568000920741F40071196048BFC9434FF000060A
:105690004FF0030248BF19600E4B20461E600E4BB0
:1056A000616A1A60FFF7E4FE94F828305B0703D5BF
:1056B00031462046FFF744FF94F82830012023F0BC
:1056C000080384F828302C6070BD00BF440B002014
:1056D000340B0020300B00203C0B0020184A38B55A
:1056E0001168034601390029116013DC154D296842
:1056F0004C1C09292C600EDCD3E907431248C3F384
:105700000F230168CD074CBF236163610323490860
:105710000160136038BD0121116090F82820150741
:1057200003D50022094B1A60F4E7192CF2DD520769
:10573000F7D5074A12688242F3D1FFF701FFF0E77D
:105740003C0B0020300B0020340B0020440B0020C9
:10575000480B00202A4A70B51368013B002B1360E8
:105760003EDC436981699B68264CDB4303EA1123D5
:105770009BB2B3FA83F3216890F82850B1F1FF3F50
:105780004FEA5313C5F340060AD19E4205BF0421D8
:1057900000230123116004BF1B4A236013601FE034
:1057A00007291EDD9E4216D090F8693090F86A10E5
:1057B000013303F03F0399421FBF134D90F8691066
:1057C0002D6809180BBF45F0010581F8295080F8B4
:1057D000285080F86930012313604FF0FF332360B5
:1057E00070BD094D9E42286801F101014FEA500049
:1057F00018BF40F08000032328602160CEE700BF7F
:10580000380B0020200000202C0B002008B5064B90
:105810001A6812B11868FFF79DFF044B1A6812B19D
:105820001868FFF75BFF08BD400B0020440B002009
:10583000F8B504460D4600204FF47A71EEB2C4E983
:1058400001016D49222E2160258262820DD86B49AB
:1058500051F82610C1F3031104293FD9606167494B
:1058600051F8261001F00F0106E005F0C001C02933
:1058700018D0002161610F21614F57F82110A161FB
:10588000D1B2222931D85D4850F82100C0F303106D
:10589000042875D90020E061584850F8210000F034
:1058A0000F0029E0C92EE4D8564905F03F0751F80A
:1058B0002770524951F82710C1F3031104290DD95B
:1058C000606105F0C001C029D5D14E4905F03F0007
:1058D00051F82000494951F82010C3E74A48222EC8
:1058E00050F821106161BAD9EBE702F0C000C0287E
:1058F00029D00020E0610F2057F82000A5EB020C12
:1059000020620020DCF1000747EB0C075B0043EA54
:10591000870394F8287003F00F0327F00F073B4329
:10592000222984F86900606284F8283084F86A00CB
:10593000E0662DD8314B53F82100C0F3031003F07B
:1059400029FAB0BBFEE7C929D3D82E4802F03F0C94
:1059500050F82CC0294850F82C00C0F3031004283C
:105960000ED90020E06102F0C000C028C3D1254854
:1059700002F03F0C50F82CC0204850F82C008EE765
:10598000DFF884C022295CF82000E06184D9EAE7CE
:1059900002F0C003C02B0AD1C92908D8194B02F064
:1059A0003F0253F82220154B53F82200C5E70F2081
:1059B000C5E794F828305B071BD4222E08D80F4B7C
:1059C00053F82600C0F3031003F0E4F988B9FEE7AA
:1059D00005F0C003C02B0AD1C92E08D8094B05F029
:1059E0003F0553F82520054B53F82200EAE70F2026
:1059F000EAE72046F8BD00BFC4E0000810E5000853
:105A000010E10008E8E400082C00002010B590F830
:105A1000283004465B07416209D4FFF777FD204632
:105A2000FFF783FD2046BDE81040FFF7E3BDFFF719
:105A30006DFD10BD0149024802F0D8BB00080040CE
:105A40004C0B0020014802F0CDBA00BF4C0B0020E7
:105A50007047000038B50E4B05461A784FF47A733C
:105A6000B3FBF2F30B4A1068B0FBF3F000F09CF8C4
:105A7000044658B90F2D09D8024629464FF0FF3089
:105A800000F042F82046044B1D6038BD0120FCE7C1
:105A9000240000204800002028000020074A08B504
:105AA0001368032043F01003136000F01BF800207C
:105AB000FFF7D0FFFFF7CCFF002008BD0020024019
:105AC000034A044B11681B780B441360704700BFF6
:105AD000FC0B002024000020014B1868704700BF19
:105AE000FC0B002007490302CA6803F4E06322F4B8
:105AF000E0621204120C134343F0BF6343F400331B
:105B0000CB60704700ED00E0154B30B5DC68C4F3A6
:105B10000224C4F10703251D042B28BF0423062DEE
:105B20004FF0FF3594BF0024033C05FA03F321EA4C
:105B30000303A54022EA0502A340002843EA02032A
:105B4000ACBF00F16040074A4FEA0313DBB2ABBFC2
:105B500000F5614000F00F0080F80033135430BDB1
:105B600000ED00E014ED00E0002807DB012341090F
:105B7000034A00F01F00834042F82130704700BF05
:105B800000E100E000280CDB01220649430900F097
:105B90001F008240203341F82320BFF34F8FBFF313
:105BA0006F8F704700E100E00138B0F1807F0BD2C9
:105BB0004FF0E023F021054A586182F823100020BD
:105BC000072298611A6170470120704700ED00E0DC
:105BD000002808DB01224309034900F01F0082402E
:105BE000603341F82320704700E100E0704708B5BA
:105BF000FFF7FCFF08BD704710B5044650B143796C
:105C000003F0FF0213B90271FFF7F5FF0123002033
:105C1000637110BD0120FCE790F821200346022AA1
:105C200006D0042282630120002283F820207047DE
:105C30000268C06B116821F00E011160116821F03B
:105C40000101116001211A6C01FA02F24260002088
:105C500083F82110E8E7000008B590F82130022B06
:105C600003D004238363012008BD03681A6822F06F
:105C70000E021A601A6822F001021A60174A934253
:105C80001FD0143293421ED0143293421DD01432CE
:105C900093421DD0143293421DD01432934214BF4C
:105CA0004FF080734FF480130D4A5360012380F846
:105CB0002130002380F82030436B03B19847002047
:105CC000D2E70123F0E71023EEE74FF48073EBE710
:105CD0004FF48053E8E74FF48033E5E708000240D3
:105CE00000000240114AD36813F0100305D0104998
:105CF000CB6943F00203CB611023D268500706D56D
:105D00000B4943F00403CA6942F00102CA61074A21
:105D1000D169C90708D50648C16941F00401C161CC
:105D2000D16921F00101D161D360704700200240A8
:105D3000000C0020064B186910F0800007D0054ABF
:105D40005A6002F188325A601869C0F3C010704777
:105D50000020024023016745034A0020136943F0F5
:105D600080031361704700BF0020024070B50546F4
:105D7000FFF7B2FE0646114CE368D80712D4E36879
:105D8000990644BF2023E360E368DA0606D4E3699A
:105D9000DB0703D4E06810F0040007D0FFF7A2FF90
:105DA000012003E06B1CE7D00DB9032070BDFFF7A5
:105DB00093FE801BA842DFD9F7E700BF0020024016
:105DC0002DE9F84FDFF894A01F469AF818300546E1
:105DD000012B884691463FD001234CF250308AF87F
:105DE0001830FFF7C3FF90BB012D03D0022D14BF65
:105DF0000425022500263346DFF864B03401C4F1DF
:105E00002001A4F1200207FA01F129FA04F4CAF8EA
:105E10001C300C4327FA02F21443DBF81020A4B222
:105E200042F00102CBF810204CF2503028F8164016
:105E3000FFF79CFFDBF8102022F00102CBF81020C6
:105E400028B90136F2B295424FF00003D6D80023AC
:105E50008AF81830BDE8F88F0220FBE7000C00201C
:105E6000002002400022064BDA61064B1A6942F01C
:105E700002021A6158611A6942F040021A617047C1
:105E8000000C0020002002402DE9F041264F05467D
:105E90003B7E8846012B44D001243C7603684CF2BB
:105EA0005030022B1AD1FFF761FF20B101200023EF
:105EB0003B76BDE8F0811D4CF86123694CF250300F
:105EC00043F004032361236943F040032361FFF798
:105ED0004DFF236923F004032361E8E7FFF746FF42
:105EE0000028E3D14FF0FF33C8F800302046AE68F9
:105EF0000E4CD5E9023203EB8223B342D7D93046A8
:105F0000FFF7B0FF4CF25030FFF730FF236923F06A
:105F10000203236110B1C8F80060C8E706F5806687
:105F2000E7E70220C5E700BF000C00200020024088
:105F3000044A08B55169014202D0506103F010F8DB
:105F400008BD00BF00040140F8B50446E0B190F878
:105F5000913203F0FF021BB980F8902205F040F85F
:105F6000032384F8913200232546637155F8040B0E
:105F700002F0E4F995E80E00206802F0CFF901463E
:105F800028B1022384F8913201252846F8BD206803
:105F900002F0DEF90028F4D102460127267904F147
:105FA0001003C1B28E4203F1280318D800210A461B
:105FB00004F5A873C8B2864203F128031BD895E8FC
:105FC0000E00206802F0C6F905460028D9D1012349
:105FD0006073206884F8913202F072FCD5E743E9DF
:105FE000062203F8277C03F8281C03F8252C43F825
:105FF000102C0130D5E743E9062203F8272C03F8DB
:10600000280C03F8252C43F8102C0131D2E738B5C1
:1060100090F890320446012B10D0012580F8905260
:10602000006802F082F92946204600F007FE206849
:1060300002F044FC002084F8900238BD0220FCE706
:1060400010B590F890220446012A0AD0012241732B
:1060500080F89022006802F02BFC002084F8900267
:1060600010BD0220FCE700002DE9F04F044687B088
:10607000006802F027FC10F4004500F025844FF082
:106080002809C54E2068B0F84430190402D407B07E
:10609000BDE8F08FB0F84470B9B217F00F0740F0C8
:1060A000BF8011F0100126D103889BB2334043F426
:1060B00000430380B0F85030227C9BB203EBC20354
:1060C00000EB4303B3F80434626AC3F309031A44D0
:1060D000E3622046626204F0E4FF637B002BD1D0D0
:1060E000A26A002ACED1637B216843F08003A1F825
:1060F0004C306273C6E70588ABB215F4006521D059
:10610000B0F8503094F850219BB203EBC20300EB7F
:106110004303B3F80C34B4F85621C3F30903C4F8AD
:106120006C3104F5267102F014FE226820461388B3
:1061300023F070031B051B0D43F08003138004F054
:10614000A1FF9FE71B049DD5038823F070031B0567
:106150001B0D43F080030380B0F8503094F85021B9
:106160009BB203EBC20300EB4303B3F80C34C3F35D
:106170000903C4F86C318BB1D4F8641171B1B4F86F
:10618000562102F0E6FDD4F86431D4F86C2129469A
:1061900013442046C4F8643104F07AFF21680A8869
:1061A000170593B23FF56EAF03F44053B3F5405F6C
:1061B0003FF468AFB1F8502001F20C4092B2835A1C
:1061C000D4F86051C3F309033E2D83521DD9835A7D
:1061D0006F09ED0608BF07F1FF379BB243EA87233B
:1061E0006FEA43436FEA53439BB283520B8823F415
:1061F000804323F070031B041B0C83F4405343F4CF
:10620000004343F080030B803CE7835A002DE7D026
:1062100005F001079BB207EB550543EA8523E3E749
:1062200030F8273019041FFA83F840F1F38030F872
:10623000273009FB074223F070031B051B0D43F0B9
:10624000800320F8273092F85C5192F85031D2F850
:10625000641100F5806E95B9B0F85050ADB20635B6
:1062600005EBC3033EF81350C5F30905002D00F0FC
:10627000B6802B46B2F8562102F06BFDAFE092F8E3
:106280005351022D40F08A8018F480450195B0F8F2
:1062900050504FEAC30BADB2D2F868C108F0400AC3
:1062A0005D443CD002353EF81550C5F309056545FF
:1062B00014D94FF0000CC2F868C130F8232022F442
:1062C000804222F070021204120C82F4005242F456
:1062D000004242F0800220F8232006E0ACEB050CDF
:1062E000C2F868C1BCF1000FE7D0BAF1000F0DD0C1
:1062F00030F8232022F4E04222F070021204120C43
:1063000042F4004242F0C00220F82320002D66D063
:10631000282202FB07422B46B2F85821ACE706358B
:106320003EF81550C5F30905654514D9DDF804C0DC
:10633000C2F868C130F8232022F4804222F07002B3
:106340001204120C82F4005242F4004242F0800225
:1063500020F8232006E0ACEB050CC2F868C1BCF1C4
:10636000000FE7D0BAF1000F0DD130F8232022F44E
:10637000E04222F070021204120C42F4004242F099
:10638000C00220F8232055B3282202FB07422B46E7
:10639000B2F85A2170E700BF0F8FFFFF30F823508B
:1063A00025F4E04525F070052D042D0C45F400453D
:1063B00045F0C00520F8235092F8505130F82530B0
:1063C000ED0013F4804FB0F850309BB22B4452D004
:1063D00002333EF81350C5F30905002D9BD109FB8C
:1063E00007F16318D3F86C212A44C3F86C21D3F861
:1063F00064212A44C3F86421D3F868211AB1D3F880
:1064000060319D423FD209FB0743204693F850116B
:1064100004F03EFE18F0800F3FF434AE206809FB14
:1064200007FC30F827309BB2334043F4004320F898
:10643000273004EB0C03DA7C012A54D1002107FB3E
:106440000992A1501A7F82B318F040085A7C34D0C8
:1064500002BBB0F850201B7C92B21B0100F204403A
:1064600010441A5AC2F309021A521A5A92B242F44A
:1064700000421A5219E006333EF81350C5F30905DD
:10648000002DACD083E701F5A8712068214402F00B
:106490002FFABFE7012A08D1B0F850201B7C92B236
:1064A00000F204401B0110441952282303FB074348
:1064B000197C204604F0F5FDE4E53AB9B0F8502027
:1064C0001B7C92B21B0100F20C40C9E7012AECD1FF
:1064D000B0F850201B7C92B200F20C401B0110441B
:1064E00023F80080E1E7197CB0F850504FEAC10A68
:1064F000ADB218F4807B9A6A00F5806E554417D1CE
:1065000002353EF81550C5F30905954202D3C3F88C
:1065100028B0CEE7521B9A625A6A0CF110012A4445
:106520005A62DA6A21442A44DA6202F0E1F9A9E502
:1065300018F0400C08F4804800F0E48002353EF882
:1065400015501FFA88F8C5F3090595422CBF0022A3
:10655000521B9A62002A55D1282303FB07435B7C18
:10656000002B3DD1B0F8502000F2044592B20B014F
:106570001544EA5AC2F30902EA52EA5A6FEA424261
:106580006FEA524292B2EA52B0F8502000F20C4048
:1065900092B21044C25AC2F30902C252C25A6FEAFE
:1065A00042426FEA524292B2C252204604F079FD52
:1065B000B8F1000F00F0E480282303FB07432268B2
:1065C000197C32F8213023F4E04323F070031B04DC
:1065D0001B0C43F4404343F0800322F82130CFE00A
:1065E000012BE2D1B0F850C000F204451FFA8CFC38
:1065F00065440B01EA52B0F8505000F20C40ADB2C5
:106600002844D1E7B8F1000F0DD030F8212022F452
:10661000E04222F070021204120C42F4404242F0B6
:10662000800220F821204FF0280E0EFB074E9EF826
:106630003420012A40F0A480DEF8242002EB050C6F
:10664000CEF824C0DA6A2A44DA62DEF83030DEF8A6
:106650002020934231D39B1ACEF83030282303FBFD
:1066600007435D7C93B2002D41D1B0F850E000F2B9
:1066700004451FFA8EFE7544090135F801E03E2AF3
:10668000CEF3090E25F801E023D94FEA521ED206B7
:106690006A5A08BF0EF1FF3E92B242EA8E226FEABA
:1066A00042426FEA524292B26A52282202FB0742E9
:1066B000128B614602F00CF962E01BB92A468EF893
:1066C0003430CBE700228EF83420CEF830201A4642
:1066D000C4E70AB96A5AE2E735F801E002F00108B6
:1066E0001FFA8EFE08EB52024EEA8222DBE7012DF2
:1066F000DBD1B0F8505000F20442ADB22A44090197
:106700005352D2E706353EF815501FFA88F8C5F304
:10671000090595428CBF6246521B9A62002A57D1E6
:10672000282303FB07435B7C002B3FD1B0F85020AC
:1067300000F2044592B20B011544EA5AC2F3090271
:10674000EA52EA5A6FEA42426FEA524292B2EA527F
:10675000B0F8502000F20C4092B21044C25AC2F37A
:106760000902C252C25A6FEA42426FEA524292B2E0
:10677000C252204604F095FCB8F1000F3FF41CAF64
:10678000282303FB07472268397C32F8213023F4A1
:10679000E04323F040031B041B0C83F0300343F45D
:1067A000004343F0800322F821306BE4012BE0D159
:1067B000B0F850C000F204451FFA8CFC65440B0190
:1067C000EA52B0F8505000F20C40ADB22844CFE786
:1067D000B8F1000F0DD130F8212022F4E04222F070
:1067E00070021204120C42F4404242F0800220F87F
:1067F00021204FF0280E0EFB074E9EF83420012A70
:10680000BED1DEF8242002EB050CCEF824C0DA6AF3
:106810002A44DA62DEF83030DEF8202093422ED3AC
:106820009B1ACEF83030282303FB07435D7C93B2DC
:10683000002D3ED1B0F850E000F20C451FFA8EFE5C
:106840007544090135F801E03E2ACEF3090E25F81A
:1068500001E020D94FEA521ED2066A5A08BF0EF153
:10686000FF3E92B242EA8E226FEA42426FEA524201
:1068700092B26A52282202FB0742528B19E71BB9D7
:106880002A468EF83430CEE70022CEF830208EF83B
:1068900034201A46C7E70AB96A5AE5E735F801E035
:1068A00002F001081FFA8EFE08EB52024EEA822225
:1068B000DEE7012DDED1B0F8502000F20C4592B297
:1068C00015440A01AB52D5E7420512D5226820468D
:1068D000B2F8443023F480631B041B0CA2F844304C
:1068E00004F0EBFB2946204607B0BDE8F04FFFF768
:1068F000A7BB43040AD52268B2F8443023F480438E
:106900001B041B0CA2F84430FFF7C1BB870405D55C
:106910002268B2F8443023F40053F1E7C60419D5D5
:1069200022682046B2F8403023F004031B041B0CFD
:10693000A2F84030B2F8403023F008031B041B0CCF
:10694000A2F8403004F0D6FB2268B2F8443023F4B9
:106950008053D5E7050548D5236802AD184629467A
:106960001A4603F1200632F8047B964221F8027B96
:10697000F9D1B3F8402092B242F00102A3F84020CE
:10698000B3F8402022F001021204120CA3F84020B8
:10699000B3F844205105FBD5B3F8442022F48062BB
:1069A0001204120CA3F8442035F8022B20F8042B13
:1069B0008642F9D1B3F84020204692B242F0080254
:1069C000A3F84020B3F8442022F400621204120C11
:1069D000A3F84420B3F8402092B242F00402A3F896
:1069E000402004F077FBFFF752BB82050DD52268EB
:1069F0002046B2F8443023F400731B041B0CA2F8A9
:106A0000443004F056FBFFF742BBC3057FF53FABB4
:106A10002268B2F8443023F4807371E770B52824FB
:106A2000054601F00700444311F0800F14BF04F144
:106A3000100104F5A87105EB040615BF012400241C
:106A4000747486F8514114BF49194919022BCB704F
:106A500008BF0023087008BF0B710A6195F89032D7
:106A6000012B09D00123286885F8903201F084FCBD
:106A7000002085F8900270BD0220FCE7282301F079
:106A80000702534311F0800F10B5044618BF03F1FD
:106A9000100118440BBF03F5A87101230023091945
:106AA0000ABF0919437480F851310A7094F8903282
:106AB000012B09D00123206884F8903201F0BCFD3D
:106AC000002084F8900210BD0220FCE770B5282455
:106AD000002601F007014C43051985F8501185F88F
:106AE000516104F5A8710144C5E95923C5F86C61E9
:106AF000006801F0FDFE304670BD282301F007015B
:106B000003FB0100D0F86C01704770B5282501F037
:106B100007014D434419C4E90923012200262174C9
:106B200084F83420627405F1100101442363E662A5
:106B3000006801F0DDFE304670BD38B5037901F024
:106B40000705AB4204462AD311F0800F4FF028030B
:106B50001CD001226B4303F11001034401445A7419
:106B600001230D708B7094F890229A4219D02068FE
:106B700084F8903201F033FE25B9206804F52671BF
:106B800001F0A4FE002084F8900238BD00224B439F
:106B900003F5A8710344014483F85121E0E7012083
:106BA000F3E70220F1E738B5027901F00F039A42CA
:106BB000044626D3282301F00702534311F0800F27
:106BC00014BF03F1100103F5A87118444FF000053C
:106BD00015BF012300230919091914BF437480F854
:106BE00051318D700A7094F89032012B0BD0012333
:106BF000206884F8903201F012FE284684F8905202
:106C000038BD0120FCE70220FAE710B5282411F076
:106C1000800F1BBF01F0070104FB010004FB010012
:106C2000103008BF00F5A87099B21AB90273C1807C
:106C3000002010BD012283600273F9E77047000055
:106C40002DE9F341054638B30368DB0710D42B6800
:106C50009F075ED42B68190700F195802B685A07AF
:106C600000F1C180EB69002B40F02C81002029E06D
:106C7000904C636803F00C03042B07D0636803F0A7
:106C80000C03082B0AD16368DE0307D523689C0335
:106C9000DDD56B68002BDAD1012013E06B68B3F50A
:106CA000803F12D1236843F480332360FEF714FF42
:106CB000064623689803CAD4FEF70EFF801B64289B
:106CC000F7D9032002B0BDE8F0819BB9236823F413
:106CD00080332360236823F480232360FEF7FCFEC7
:106CE000064623689903B2D5FEF7F6FE801B64289A
:106CF000F7D9E6E7B3F5A02F236803D143F4802347
:106D00002360CFE723F480332360236823F48023B8
:106D1000CBE7684C636813F00C0F07D0636803F08F
:106D20000C03082B10D16368DA030DD423689B078A
:106D300002D52B69012BAFD123686A6923F0F803D0
:106D400043EAC203236085E72A695B4B6AB10122EB
:106D50001A60FEF7C1FE064623689F07ECD4FEF7D3
:106D6000BBFE801B0228F7D9ABE71A60FEF7B4FE22
:106D70000646236898077FF56DAFFEF7ADFE801BD2
:106D80000228F6D99DE7AA694A4E4B4BE2B101228F
:106D9000C3F88024FEF7A0FE0446736A9B070DD556
:106DA0004FF4FA52454B1B68B3FBF2F3019300BF5B
:106DB000019B5A1E0192002BF9D14FE7FEF78CFE82
:106DC000001B0228E9D97CE7C3F88024FEF784FE83
:106DD0000446736A9F077FF541AFFEF77DFE001BF7
:106DE0000228F6D96DE7334CE369D80024D4012793
:106DF000E36943F08053E361E36903F08053009358
:106E0000009B2F4E3368D90518D5EB68012B26D18E
:106E1000236A43F001032362FEF75EFE41F28838E5
:106E20000646236A9B073FD5002F3FF41BAFE3695B
:106E300023F08053E36115E70027E2E7336843F46A
:106E400080733360FEF748FE80463368DA05DCD491
:106E5000FEF742FEA0EB08006428F6D931E7ABB993
:106E6000236A41F2883823F001032362236A23F066
:106E700004032362FEF730FE0646236A9807D3D543
:106E8000FEF72AFE801B4045F7D91AE7052B236A37
:106E900003D143F004032362BAE723F00103236222
:106EA000236A23F00403B6E7FEF716FE801B404575
:106EB000B7D906E700100240000042424800002017
:106EC000007000402A4C626802F00C02082A3ED092
:106ED0000022022B274B1A662CD1FEF7FDFD064639
:106EE0002368990120D42B6AB3F5803F05D16268ED
:106EF000A96822F400320A436260696A62680B433F
:106F000022F474121343012263601A4B1A66FEF7CF
:106F1000E3FD054623689A013FF5A8AEFEF7DCFDC8
:106F2000401B0228F6D9CCE6FEF7D6FD801B0228CE
:106F3000D6D9C6E6FEF7D0FD054623689B017FF54E
:106F400095AEFEF7C9FD401B0228F6D9B9E6012B24
:106F50003FF4A2AE60682B6A00F480329A427FF45C
:106F60009BAE6B6A00F47010C01A18BF0120A9E62E
:106F700000100240000042420D4A536803F00C0129
:106F8000082912D10B48C3F38341DB03405C09D5C8
:106F90005368094AC3F340435043084AD35CB0FBEB
:106FA000F3F07047064B584370470348704700BFE3
:106FB00000100240F2E0000800127A00F0E0000841
:106FC00000093D002DE9F0410D46044610B90120AD
:106FD000BDE8F081444A136803F007038B4228D3CD
:106FE00021688E0730D4CA0743D43F4A136803F0A0
:106FF0000703AB4265D822683C4D12F0040F6CD1F8
:10700000130706D56B68226923F4605343EAC20371
:107010006B60FFF7B1FF6B68354AC3F30313D35CB2
:10702000D840344B1860344B1868FEF713FD00202D
:10703000CEE7136823F007030B431360136803F0D4
:1070400007038B42C3D1CBE7284B11F0040F1EBFBF
:107050005A6842F4E0625A60080742BF5A6842F434
:1070600060525A605A68A06822F0F00202435A60E7
:10707000B9E762681D4E012A33681AD113F4003F44
:10708000A5D0736841F2883823F00303134373607B
:10709000FEF722FD07467368626803F00C03B3EB4A
:1070A000820FA2D0FEF718FDC01B4045F3D9032084
:1070B0008EE7022A02D113F0007FE1E713F0020FFE
:1070C000DEE7136823F007032B431360136803F014
:1070D0000703AB427FF47BAF8DE76B68E16823F475
:1070E000E0630B436B608BE700200240001002401E
:1070F00058E100084800002028000020044B054A01
:107100005B68C3F30223D35C034A1068D84070471E
:107110000010024050E1000848000020044B054ADE
:107120005B68C3F3C223D35C034A1068D84070473E
:107130000010024050E10008480000200F230360C7
:107140000B4B5A6802F0030242605A6802F0F002E8
:1071500082605A6802F4E062C2605B68DB0803F494
:10716000E0630361034B1B6803F007030B60704788
:10717000001002400020024003682DE9F34105465B
:10718000D80720D5364CE369D9002AD40126E36913
:1071900043F08053E361E36903F080530193019B63
:1071A000304F3B68DA051ED5236A13F440732ED1A5
:1071B000236A6A6823F44073134323621EB1E369B0
:1071C00023F08053E3612A68910706D52449A86813
:1071D0004B6823F4404303434B60D30637D400206D
:1071E00012E00026DCE73B6843F480733B60FEF767
:1071F00073FC80463B68DB05D6D4FEF76DFCA0EB44
:1072000008006428F6D9032002B0BDE8F0816A685E
:1072100002F440729A42CBD00120134A236AC2F88A
:107220004004002023F44071DF07C2F840042162CB
:10723000BED5FEF751FC41F288380746236A98070D
:10724000B6D4FEF749FCC01B4045F7D9DBE7044A3A
:10725000E968536823F480030B435360BFE700BF22
:1072600000100240007000400000424290F83D30A3
:10727000012B1CD102230F4A80F83D300368934252
:107280000AD0B3F1804F07D0A2F59432934203D0D5
:1072900002F58062934204D19A6802F00702062A3E
:1072A00003D01A6842F001021A60002070470120E2
:1072B000704700BF002C014041F211120368196AA7
:1072C000114208D140F24442196A114202BF1A68C1
:1072D00022F001021A60012380F83D30002070473F
:1072E00090F83C200346012A4FF0020009D01A68AA
:1072F00083F83D0051610020012283F83C0083F8AF
:107300003D20704770477047036870B5DD681E699F
:107310000446B1070DD5AA070BD56FF002021A611A
:10732000012202779B699B0769D000F0F5FF0023DB
:107330002377710710D56A070ED56FF00402236812
:1073400020461A61022222779B6913F4407F5CD0A9
:1073500000F0E2FF0023237733070FD528070DD570
:107360006FF00802236820461A6104222277DB6945
:10737000990750D000F0D0FF00232377F20610D5F4
:10738000EB060ED56FF01002236820461A61082222
:107390002277DB6913F4407F43D000F0BDFF002368
:1073A0002377F00708D5E90706D56FF001022368B7
:1073B00020461A6100F08DFF320608D52B0606D54F
:1073C0006FF08002236820461A6100F0A6F970066B
:1073D00008D5690606D56FF04002236820461A6179
:1073E000FFF791FFB20622D5AB0620D56FF0200241
:1073F00023682046BDE870401A6100F08DB900F0A6
:1074000089FF2046FFF77EFF91E700F083FF2046CB
:10741000FFF778FF9EE700F07DFF2046FFF772FF41
:10742000AAE700F077FF2046FFF76CFFB7E770BDD3
:10743000174A036890420AD0B0F1804F07D0A2F5F6
:107440009432904203D002F58062904207D14A689C
:1074500023F070031343CA6823F4407313434A694B
:1074600023F08003134303608B68C3620B6883625D
:10747000074B984204BF0B6903630123436103690F
:10748000DB0742BF036923F001030361704700BFBC
:10749000002C014010B5044630B390F83D3003F0A5
:1074A000FF021BB980F83C2002F026F90223206875
:1074B00084F83D30211DFFF7BBFF0123002084F835
:1074C000463084F83E3084F83F3084F8403084F809
:1074D000413084F8423084F8433084F8443084F8F2
:1074E000453084F83D3010BD0120FCE710B5012483
:1074F000036A01F01F018C4023EA04030362036A5C
:107500008A401A43026210BD08B529B990F83E308E
:10751000012B1DD001202EE0042907D190F83F3027
:10752000012BF7D1022380F83F3014E0082907D15E
:1075300090F84030012BEDD1022380F840300AE072
:1075400090F84130012BE5D1022380F8413002E070
:10755000022380F83E3000680122FFF7C7FF0F4B7F
:10756000984209D0B0F1804F0BD1836803F0070334
:10757000062B0DD1002008BD436C43F40043436447
:10758000F3E7074B9842F0D003F580639842ECD0C4
:10759000036843F001030360ECE700BF002C0140E7
:1075A00000040040FFF7B0BF08B5034641BB90F8A8
:1075B0003E0093F84220C0B20128D2B24DD1012A38
:1075C0001DD1022291BB83F83E2083F84220186827
:1075D0000122FFF78BFF224B98420AD0B0F1804F77
:1075E00007D0A3F59433984203D003F58063984203
:1075F0002ED1836803F00703062B29D1002008BD94
:10760000042905D190F83F0093F84320C0B2D3E796
:1076100008290BBF90F8400093F8410093F84420EC
:1076200093F845200CBFC0B2C0B2C5E7042904D10D
:1076300083F83F2083F84320C9E708290BBF83F86C
:10764000402083F8412083F8442083F84520BEE79A
:10765000036843F001030360D0E70120CFE700BFD8
:10766000002C014010B50424036A01F00F018C4086
:1076700023EA04030362036A8A401A43026210BDCC
:1076800008B529B990F84230012B1DD001203EE009
:10769000042907D190F84330012BF7D1022380F859
:1076A000433014E0082907D190F84430012BEDD184
:1076B000022380F844300AE090F84530012BE5D1F0
:1076C000022380F8453002E0022380F8423000684F
:1076D0000422FFF7C7FF436C43F4004343640C4BA1
:1076E00098420AD0B0F1804F07D0A3F59433984266
:1076F00003D003F58063984204D1836803F0070345
:10770000062B03D0036843F001030360002008BD8B
:10771000002C0140FFF7B4BF70477047026802F1C8
:107720000C0353E8003F23F490730C3242E800311D
:1077300002680029F2D102F1140353E8003F23F05C
:10774000010302F1140C4CE800310029F3D1036B62
:10775000012B0BD102F10C0353E8003F23F010037F
:1077600002F10C0C4CE800310029F3D1202380F801
:10777000423000230363704710B504460368C168B4
:107780001A6922F440520A431A6182680069D96872
:107790000243606921F4B05121F00C0102430A4315
:1077A000DA605A69A16922F440720A435A610E4AAA
:1077B000934215D1FFF7B2FC192343436268206856
:1077C0009200B3FBF2F36422B3FBF2F102FB11333C
:1077D0001B013233B3FBF2F303EB0113836010BDE3
:1077E000FFF78CFCE8E700BF00380140704710B598
:1077F000044648B390F8413003F0FF021BB980F80B
:107800004020FFF7F3FF2423226884F84130D36837
:10781000204623F40053D360FFF7AEFF2368002017
:107820001A6922F490421A615A6922F02A025A61B6
:10783000DA6842F40052DA602023606484F8413050
:1078400084F84230606310BD0120FCE710B50446A7
:1078500068B390F8413003F0FF021BB980F8402074
:10786000FFF7C4FF2423226884F84130D368204600
:1078700023F40053D360FFF77FFF236800201A69C9
:1078800022F490421A615A6922F022025A615A691E
:1078900042F008025A61DA6842F40052DA602023AA
:1078A000606484F8413084F84230606310BD012088
:1078B000FCE790F84130202B10D189B182B1C2840D
:1078C00082840023212201620168436480F8412000
:1078D000CA68184642F08002CA60704702207047AA
:1078E0000120704708B50023406AC385C38402F0B5
:1078F000CDF808BD704790F8423007B5222B42D131
:1079000081680268B1F5805F836A3FD1016900290F
:107910003FD15268C2F3080223F8022B8362C38D61
:10792000013B9BB2C385002B2DD10268D16821F0A9
:107930002001D160D16821F48071D160516921F0BA
:1079400001015161202280F842204363026B012A29
:10795000026828D1036302F10C0353E8003F23F0CF
:10796000100302F10C0C4CE800310029F3D113682C
:10797000DB0605D501911368019353680193019BC0
:10798000818DFFF7B7FF03B05DF804FB39B90169DA
:1079900029B95268D2B21A70836A0133BEE75268BD
:1079A00002F07F02F7E702F06BF8ECE7036873B5CB
:1079B0001A6804461607D9685D6908D1960668D525
:1079C0008D0666D502B0BDE87040FFF794BF05F0A4
:1079D000010001F4907505435BD0D60705D5CD05B0
:1079E00042BF636C43F001036364530704D518B1CD
:1079F000636C43F002036364960704D518B1636CAB
:107A000043F004036364150707D501F02003034323
:107A10001EBF636C43F008036364636C002B32D0B9
:107A2000920604D58B0602D52046FFF764FF266830
:107A300020467369626C03F0400302F0080253EAC7
:107A4000020522D0FFF76AFE73695E0618D5226828
:107A500002F1140353E8003F23F04003143242E8DC
:107A600000310029F3D1E06B50B1744B4363FEF752
:107A7000F3F840B1E06B436B02B0BDE870401847CB
:107A8000204602F003F802B070BD01F0FFFF65640C
:107A9000F9E7206B012840F09480D50640F19180F1
:107AA000C80640F18E80002201921A6801925A683D
:107AB0000192019A5A6952064DD5E16B0A685268E3
:107AC00092B2002ADFD0A08D9042DCD9E2858A698B
:107AD000202A36D003F10C0252E8002F22F48072E3
:107AE00003F10C0040E800210029F3D103F1140256
:107AF00052E8002F22F0010203F1140040E80021B7
:107B00000029F3D103F1140252E8002F22F04002C1
:107B100003F1140040E800210029F3D1202284F869
:107B20004220216303F10C0252E8002F22F01002E0
:107B300003F10C0040E800210029F3D1E06BFEF7CF
:107B40006BF802236363E38DA18DC91A89B22046C5
:107B5000FFF7D0FE97E7E28DE18D92B289B200295E
:107B600091D0A18D891A89B200298CD003F10C0221
:107B700052E8002F22F4907203F10C0545E8002032
:107B80000028F3D103F1140252E8002F22F0010281
:107B900003F1140545E800200028F3D1202284F8E1
:107BA0004220206303F10C0252E8002F22F0100261
:107BB00003F10C0545E800200028F3D1022363639C
:107BC000C5E7160628D50D0626D594F84120212AAA
:107BD0007FF459AFA168226AB1F5805F17D121699E
:107BE000A9B932F8021BC1F3080159602262E28C84
:107BF000013A92B2E284002A7FF445AFDA6822F0BB
:107C00008002DA60DA6842F04002DA603BE7511C39
:107C1000216212785A60EAE750067FF534AF4A06CF
:107C20007FF531AFDA68204622F04002DA60202387
:107C300084F8413001F027FF25E700BFE578000810
:107C400090F84030012B11D02423026880F8413095
:107C5000D36823F00C0343F00803D360202380F89B
:107C60004130002380F840301846704702207047AA
:107C700090F84030012B11D02423026880F8413065
:107C8000D36823F00C0343F00403D360202380F86F
:107C90004130002380F8403018467047022070477A
:107CA00090F8412090F84200104370470023C285AD
:107CB000436422238285026980F84230816203682E
:107CC0001AB1DA6842F48072DA605A69002042F030
:107CD00001025A61DA6842F02002DA60704770B53A
:107CE00090F84260202E07D141B13AB100240463DC
:107CF000FFF7DCFF204670BD0220FCE70120FAE719
:107D0000836810B504462BB103220146984700232F
:107D1000C4E9023310BD836810B5044613B10322D1
:107D200001469847204610BD10B5044650F8103F54
:107D3000DA6822F00102DA60DA6822F00202DA6020
:107D4000DA6822F00402DA60DA6822F00802DA6007
:107D5000DA6822F01002DA60FFF7AEFA22691368DF
:107D600023F001031360012384F84E3084F84F3070
:107D700084F8503084F8513084F8523084F853300D
:107D800084F8543084F8553010BD4B1E032B00D9B5
:107D9000FEE78900081F70470139435C13F01000AB
:107DA00004D0022916D80C4A32F81100DB0712D58C
:107DB00003290FD8DFE801F00205080B40F00100AD
:107DC000704740F01000704740F48070704740F4F6
:107DD00080507047FEE770470AE100080139032927
:107DE00000D9FEE7014B585C704700BF06E1000870
:107DF0000139032900D9FEE7014B585C704700BFE9
:107E000002E100082DE9F0410E460446FFF7BDFFF0
:107E100006F1060805463146204604EB0818FFF730
:107E2000DDFFD8F808302BB1C24323691A61DA6844
:107E30000243DA60771E04EB47039B880B2B49D87B
:107E4000DFE803F051181818060618184A4A4A2A9B
:107E5000E35DDE0604D5294604F11000FFF75AFC65
:107E6000E35DD80736D5294604F11000BDE8F0419E
:107E7000FFF798BBE35DD90604D5294604F110004D
:107E8000FFF7FEFBE35DDA0724D5294604F1100075
:107E9000BDE8F041FFF738BB294604F11000FFF7B9
:107EA00083FB31462046FFF7A3FF014606462046E6
:107EB000FFF772FF25692B6A1843D8F8083028624B
:107EC00043B131462046FFF789FFC3432B61EB687E
:107ED0001843E860BDE8F081294604F11000BDE8D0
:107EE000F041FFF761BB23691B68DB07F2D404F1A3
:107EF0001000BDE8F041FFF7B9B970B5012504469F
:107F00002946861C36F8023F23B129462046FFF752
:107F100079FF00210135052DF4D1A36E3BB16FF03F
:107F2000010223691A61DA6842F00102DA6049B19C
:107F300023691B68DB0705D404F11000BDE870401D
:107F4000FFF794B970BD02696030D36823F0010374
:107F5000D360FFF7D5BE01211030FFF7C1B9036927
:107F6000186800F00100704710B502460C46FFF794
:107F7000F6FF80B9CB68DB070ED5CB68104623F03F
:107F80000103CB60FFF7E7FF6FF001032361E368B4
:107F900043F00103E36010BD1046BDE81040FFF759
:107FA000DABF0B460169013B8B62FFF7DDBF0000C2
:107FB0000B4B98420BD0B0F1804F0AD0A3F594330D
:107FC000984208D003F58063984206D0FEE700206F
:107FD000704701207047022070470320704700BFA0
:107FE000002C0140024670B5044652F8100FFFF70E
:107FF000DFFF0546104601F011FB0023084A04F19B
:10800000600642F82530E36004F1B005B54204D0C3
:10801000103D2846FFF77FFEF8E7204670BD00BF01
:10802000200C0020F8B504460846FFF7C1FF23697D
:1080300003B1FEE71B4D04F10C0245F820200E228F
:1080400004F110063046C4E90C33C4E90E33C4E928
:108050001033C4E91623216184F82C30A36484F81A
:108060004C3084F84D30E46001F094FA04F160057E
:1080700004F1B00728461035FFF742FEBD42F9D1A2
:1080800000234FF6FF72C4E90033C4E90632C4E9A5
:108090000833A360636180233046A362BDE8F840E3
:1080A000FFF7F8B9200C002010B586B01422044662
:1080B000002101A804F0EEFB0023694601A800930B
:1080C000FFF73CF8206901F03FFB012802D00228AD
:1080D0000FD0FEE7049CFFF711F8B4F5C06F05D090
:1080E0000BD824F48074B4F5806F00D1400006B042
:1080F00010BD059CFFF712F8EFE7B4F5E06FF4E769
:10810000012A38B505460C460BD0022A16D004B118
:10811000013C29692846CC62EC61BDE83840FFF794
:1081200023BFFFF7C1FF084BB0FBF3F044432A69BC
:10813000230C93620133B4FBF3F4E8E7FFF7B4FFD9
:10814000B0FBF4F4F3E700BF40420F00036970B5E1
:108150009D6A012A06460C4605F1010504D0022A53
:108160000BD033695C6270BDFFF79EFF064BB0FB1E
:10817000F3F36343B3FBF5F4F3E7FFF795FF6543D0
:10818000B0FBF5F4EDE700BF40420F00034B186869
:1081900010B10430FFF7B8B8704700BF200C0020C2
:1081A000FFF7F4BF034B586810B10430FFF7ACB8C9
:1081B000704700BF200C0020034B986810B10430BA
:1081C000FFF7A2B8704700BF200C0020034BD8680F
:1081D00010B10430FFF798B8704700BF200C0020A2
:1081E0000022C0E90022C0E902227047F8B5044627
:1081F0000E4600F1600500F1B00728461035FFF784
:10820000EFFFBD42F9D10023204631462361FFF73D
:1082100009FF2046F8BD38B50023C0E90033C0E9A6
:1082200002338B6804460D462BB102229847EB6857
:10823000E360AB68A360204638BD30B5044687B024
:1082400002AD2846FFF7E7FF95E80300CDE90001FE
:1082500094E8030085E80300DDE90001049BA268BF
:10826000A360059B0492E26884E80300E36028466B
:108270000592FFF750FD07B030BD38B5836E044658
:108280000D4660301BB1BDE83840FFF7D6BFFFF7A1
:10829000D4FFAB683BB16FF0010223691A61DA6861
:1082A00042F00102DA6038BD826810B50AB904F004
:1082B000BFFDC368BDE81040184708B500B9FEE728
:1082C00001F066F90068836E13B16030FFF7ECFFD0
:1082D00008BDFFF7F2BF10B500B9FEE7037F013B11
:1082E000072B10D8DFE803F004140F100F0F0F1244
:1082F000012401F04DF90068063400EB0410836896
:108300000BB1FFF7D1FF10BD0324F2E70424F0E71F
:108310000224EEE7FFF7DFBFFFF7DDBF84B004A85C
:1083200000E90E00002004B0704703464FF43F42BE
:108330000020A3F84400A3F840207047B0F8403074
:1083400023F47C535B045B0CA0F8403000207047A2
:10835000002070471FB5044604A800E90E00002065
:108360000123A4F84030A4F84000A4F84400A4F885
:10837000500004B010BD0000F0B50A78CD7830F898
:108380002240034624F4EC4424F070042404240C1A
:10839000032D03D8DFE805F041494745012048F2A5
:1083A00080073C4323F8224033F822409F4EA4B27A
:1083B000344014433C4323F822400C7B03EB021C63
:1083C000002C40F08C80CC884F78640864007FB328
:1083D000B3F8501089B26144A1F8004433F8221078
:1083E0004C0609D533F8221089B2314041F40041DE
:1083F00041F0C00123F8221033F822108C4C89B2CE
:10840000012D01EA040101D081F0200141F4004175
:1084100041F0800123F822104DE0284644F4007416
:10842000BDE744F4C0640020B9E744F48064FAE78F
:10843000B3F85050ADB26544A5F80844B3F85040C5
:10844000A4B26444B4F80C54C5F30905A4F80C5460
:108450000D693E2D30D9E906B4F80C144FEA5516D3
:1084600008BF06F1FF3689B241EA86216FEA414131
:108470006FEA514189B2A4F80C1433F822104F046A
:108480000DD533F8221021F4E04121F070010904E8
:10849000090C41F4404141F0800123F82210654C61
:1084A000B2B91A8892B2224082F4405242F4004299
:1084B00042F080021A80F0BDB4F80C14002DD5D023
:1084C00005F0010689B206EB550541EA8521D1E7A1
:1084D00033F8221089B2214081F4005196E7022D31
:1084E00033F822405BD1A4B2344044F4014444F058
:1084F000800423F82240B3F850400E89A4B27608D5
:1085000064447600A4F800644E89B3F850407608BD
:10851000A4B264447600A4F808644978002948D1DC
:1085200033F822104E040DD533F8221021F4E04127
:1085300021F070010904090C41F4404141F080012F
:1085400023F8221033F822104D060DD533F82210EF
:1085500021F4E04121F070010904090C41F40041CB
:1085600041F0C00123F8221048F2800433F82210B1
:1085700021F4804121F070010904090C81F440517B
:10858000214323F8221033F8221021F4E04121F096
:1085900040010904090C0C4323F822408BE724F422
:1085A000E24424F070042404240C274323F82270AE
:1085B000A1E733F822104C040DD533F8221021F432
:1085C000E04121F070010904090C41F4404141F0FF
:1085D000800123F8221033F8221049060DD533F814
:1085E000221021F4E04121F070010904090C41F44A
:1085F000004141F0C00123F8221033F822100C4C46
:1086000089B22140012D18BF81F0200141F40041C1
:1086100041F0800123F8221033F8221021F4804128
:1086200021F070010904090CF0E600BF8F8FFFFFF5
:10863000BF8FFFFF8FBFFFFF4A780B78097BD9BB45
:108640000AB330F8232051060DD530F8232022F448
:10865000E04222F070021204120C42F4004242F096
:10866000C00220F8232030F8232022F4E04222F038
:1086700040021204120C42F4004242F0800220F840
:1086800023200020704730F8232052040DD530F805
:10869000232022F4E04222F070021204120C42F471
:1086A000404242F0800220F8232030F8232022F4B8
:1086B000804222F07002DCE7002A4AD130F8232001
:1086C00051040DD530F8232022F4E04222F070024C
:1086D0001204120C42F4404242F0800220F823209F
:1086E00030F8232052060DD530F8232022F4E04242
:1086F00022F070021204120C42F4004242F0C00256
:1087000020F8232048F2800130F8232022F4E042B0
:1087100022F070021204120C42F4004242F0C00235
:1087200020F8232030F8232022F4804222F0700227
:108730001204120C0A4320F8232030F8232022F4DC
:10874000E04222F040021204120C114320F82310E0
:1087500097E730F8232051040DD530F8232022F478
:10876000E04222F070021204120C42F4404242F045
:10877000800220F8232030F8232052060DD530F84F
:10878000232022F4E04222F070021204120C42F480
:10879000004242F0C00220F8232048F2800130F865
:1087A000232022F4E04222F070021204120C42F460
:1087B000404242F0800220F8232030F8232022F4A7
:1087C000E04222F040021204120C0A4320F8232057
:1087D00030F8232022F4804222F07002B3E74B7875
:1087E0000A788BB130F8223023F4E04323F04003C1
:1087F0001B041B0C83F0100343F4004343F080037D
:1088000020F822300020704730F8223023F48043D3
:1088100023F070031B041B0C83F48053ECE70B7BE9
:108820003BBB4B780A7833B330F822305B060DD56A
:1088300030F8223023F4E04323F070031B041B0CB8
:1088400043F4004343F0C00320F82230CB78012BDF
:108850000FD030F8223023F4E04323F040031B0410
:108860001B0C83F0200343F4004343F0800320F803
:1088700022300020704730F822305B040DD530F8EC
:10888000223023F4E04323F070031B041B0C43F459
:10889000404343F0800320F8223030F8223023F4A4
:1088A000804323F070031B041B0C83F44053DAE76E
:1088B00011B98023A0F84C30002070470020704789
:1088C00000207047B0F8440080B270470020704725
:1088D00000EB4200013300F580605B0800EB83038E
:1088E000834200D1704731F8022B20F8042BF7E7C0
:1088F0002DE9F0474B780446012B0D460A7B40F0EA
:108900001581D1F810908F6949694F4528BF4F46AE
:108910000ABBBFB2EA883B46FFF7DAFFB4F8500063
:10892000297880B204F20442090102448F522A7865
:1089300034F8223023F4E04323F040031B041B0CE3
:1089400083F03003002043F4004343F0800324F815
:108950002230BDE8F087EB7895F800E0022B2E6A14
:108960004FEA0E1C40F0CD80B14530F82E2080F04B
:10897000B18022F4E04222F070021204120C42F4A0
:10898000014242F0800220F82E2030F82E80B0F80C
:1089900050E0F61B18F040082E6201EB070ABBB24C
:1089A0001FFA8EFE4DD000F20C42724422F80C30B9
:1089B0006A89FFF78DFFB14536BFF31B00233E46A2
:1089C0006A782B62C5F814A0B3B272BBB4F8502019
:1089D000287892B204F2044100011144425A3E2E1A
:1089E000C2F30902425215D9F206425A4FEA56170B
:1089F00008BF07F1FF3792B242EA87226FEA42428C
:108A00006FEA524292B242522A8951462046FFF7FB
:108A10005FFF8CE7425A002EF0D006F0010792B2B9
:108A200007EB560642EA8622ECE7012AECD1B4F8BD
:108A30005000297880B204F20442090102448B52AA
:108A4000E2E700F20442724422F80C302A89FFF770
:108A50003FFFB14536BFF31B43463E466A782B6263
:108A6000C5F814A0B3B24ABBB4F85020287892B22B
:108A700004F20C4100011144425A3E2EC2F3090295
:108A8000425210D9425A7709F60608BF07F1FF375C
:108A900092B242EA87226FEA42426FEA524292B2AF
:108AA00042526A89B1E7425A002EF4D006F001071B
:108AB00092B207EB560642EA8622F0E7012AF0D18D
:108AC000B4F85000297880B204F20C420901024443
:108AD0008B52E6E722F4E24222F070021204120CFA
:108AE00042F4004242F0800220F82E20B0F85030CC
:108AF00000F204429BB21A44B3B222F80C302A8925
:108B000085E730F82E20F61B2E62B0F85060520632
:108B1000BBB2B6B206D500F20C42324422F80C3099
:108B20006A8974E700F204423244E6E7002A3BD146
:108B30008B690969B0F850008B4284BF5A1A0B4602
:108B40002978AA6180B204F20C4209010244885AD1
:108B50003E2BC0F3090088521AD95809DB068B5AFC
:108B600008BF00F1FF309BB243EA80236FEA434322
:108B70006FEA53439BB28B522A7834F8223023F4A5
:108B8000804323F070031B041B0C83F44053D9E68D
:108B90000BB98B5AEAE7885A03F0010680B206EB5C
:108BA000530340EA8323E5E7CA78022A70D1002BF9
:108BB00038D1B0F850200B7892B200F204401B017B
:108BC0001044C25AC2F30902C2520A693E2A44D969
:108BD000C15A5609D70608BF06F1FF3689B241EAE5
:108BE00086216FEA41416FEA514189B2C152B4F81E
:108BF000500004F20C4180B20144C85A3E2AC0F32E
:108C00000900C85234D95009D606CA5A08BF00F123
:108C1000FF3092B242EA80226FEA42426FEA524249
:108C200092B2CA52EB69002BA6D02A7834F82210EF
:108C3000480401F0400327D5002B9DD034F82230A2
:108C400023F4E04323F070031B041B0C43F40043A4
:108C500043F0C00324F822308EE7C15A002AC0D066
:108C600002F0010689B206EB520641EA8621BCE712
:108C70000AB9CA5AD0E7C85A02F0010680B206EB18
:108C8000520240EA8222CBE7002B7FF475AFD5E792
:108C9000012A5CD18A6909698A4294BF0020501A6E
:108CA000A86188BF0A46002B7FF466AFB4F8501065
:108CB0002B7889B204F204401B010844C15A3E2AB1
:108CC000C1F30901C1522BD9D106C15A4FEA52163C
:108CD00008BF06F1FF3689B241EA86216FEA4141B9
:108CE0006FEA514189B2C152B4F8500004F20C410C
:108CF00080B20144C85A3E2AC0F30900C8521AD9AA
:108D00005009D206CA5A08BF00F1FF3092B242EAB7
:108D100080226FEA42426FEA524292B2CA522BE775
:108D2000C15A002ADAD002F0010689B206EB5206D7
:108D300041EA8621D6E70AB9CA5AEAE7C85A02F0D8
:108D4000010680B206EB520240EA8222E5E70120EA
:108D5000FFE500EB4200F0B500F580605D080746D6
:108D60000C462E46023436B9DB0744BF30F82530B6
:108D700001F81530F0BD37F8042B013E92B204F82B
:108D8000022C120A04F8012CECE703F00BBC03F0F0
:108D900011BC000086B0042841D8DFE800F00310C1
:108DA0001C2834001F4B20489A6942F004029A6143
:108DB0009B6903F004030193019B06B07047194BB4
:108DC0001A489A6942F008029A619B6903F0080305
:108DD0000293029BF1E7134B15489A6942F0100287
:108DE0009A619B6903F010030393039BE5E70D4B26
:108DF00010489A6942F020029A619B6903F02003AF
:108E00000493049BD9E7074B0B489A6942F0400250
:108E10009A619B6903F040030593059BCDE7002011
:108E2000CBE700BF0010024000080140000C0140E9
:108E3000001001400014014000180140F8B513492A
:108E4000064600F05DFBFFF7B3F8114F054657F8F3
:108E5000203073B9B020FFF798FF0C490446304624
:108E600000F04EFB01462046FFF7C0F957F82530C9
:108E70001C601C6844B12046FFF7B4F82046BDE8EA
:108E8000F840B021FFF783BFF8BD00BFE4E200085F
:108E9000200C0020FCF720BE704708B5FCF710FE40
:108EA000FCF7A5FEFFF7F8FF08BD70470F4B84B035
:108EB000DA6942F08052DA61DA6902F08052019296
:108EC000019A9A6942F001029A619A6902F00102DC
:108ED0000292029A5A6942F040025A615B6903F0B9
:108EE00040030393039B04B0704700BF001002408F
:108EF0000C4BD3F8FC20D2015EBFD3F8FC2042F02B
:108F00008072C3F8FC200022074B5A601A6842F0B6
:108F100001021A6000BF00BF00BF5868B0FA80F0BD
:108F20004009704700ED00E0001000E008B5FFF7D1
:108F3000BDFFFFF7DDFFFCF7B1FDFFF7B6FF02F065
:108F400024FA0348FCF758FEBDE8084002F014BAC2
:108F5000400000200023C0E90033C0E9023370471D
:108F60000023012803F101020AD11422DBB253438A
:108F7000054A181D1044816829B11A44136918471D
:108F800013464008EDE77047300C00200120FCF745
:108F9000CFBF0220FCF7CCBF0420FCF7C9BF0820DC
:108FA000FCF7C6BF1020FCF7C3BF08B52020FCF7B4
:108FB000BFFF4020FCF7BCFF8020FCF7B9FF4FF457
:108FC0008070FCF7B5FFBDE808404FF40070FCF777
:108FD000AFBF38B506244FF48065A8B2FCF7A8FFF0
:108FE000013C4FEA4505F8D138BD0000344A08B5C8
:108FF0001046062300F8043BFFF7ACFF072302F1FD
:1090000018001375FFF7A6FF082302F12C0082F861
:109010002830FFF79FFF092302F1400082F83C301F
:10902000FFF798FF0A23172102F1540082F850300D
:10903000FFF790FF02F1680082F86410FFF78AFFE3
:1090400002F17C0082F87810FFF784FF02F19000B3
:1090500082F88C10FFF77EFF02F1A40082F8A010C6
:10906000FFF778FF82F8B410282102F1B800FFF76B
:1090700071FF02F1CC0082F8C810FFF76BFF02F11C
:10908000E00082F8DC10FFF765FF02F1F40082F8DF
:10909000F010FFF75FFF02F5847082F80411FFF70C
:1090A00059FF02F58E7082F81811FFF753FFBDE8E3
:1090B000084002F5987082F82C11FFF74BBF00BFF3
:1090C000300C002038B5054CA4F5A075143C201DCB
:1090D000FEF721FEAC42F9D138BD00BF700D002073
:1090E0007B4B82B09A69013842F001029A619B6918
:1090F00003F001030193019B23282CD8DFE810F033
:1091000024002D0034003B00400047004C00530079
:1091100058005F0068006D0074007D0082008900C7
:1091200092009B00A000A700B000B500BC002B007F
:109130002B002B00C100C8002B002B002B002B00A4
:10914000CD00D200D900E000624A536843F0E063EA
:1091500043F00103536002B070475E4A536823F046
:10916000010343F0E063F5E75A4A536843F0E063D4
:1091700043F00203EEE7574A536823F00203F0E797
:10918000544A536843F0E06343F00403E2E7514A72
:10919000536823F00403E4E74E4A536843F0E06366
:1091A00043F00803D6E74B4A536823F00803D8E797
:1091B000484A536843F0E06343F03003CAE7454A46
:1091C000536823F0300343F0E06343F01003C1E73A
:1091D000404A536823F03003C3E73E4A536843F0E4
:1091E000E06343F0C003B5E73A4A536823F0C00395
:1091F00043F0E06343F04003ACE7364A536823F0A2
:10920000C003AEE7334A536843F0E06343F440736E
:10921000A0E7304A536823F4407343F0E06343F41B
:10922000007397E72B4A536823F4407343F0E063DD
:1092300043F480738EE7274A536823F4407390E722
:10924000244A536843F0E06343F4406382E7214AD1
:10925000536823F4406343F0E06343F4006379E729
:109260001C4A536823F440637BE71A4A536843F06F
:10927000E06343F480536DE7164A536823F4805348
:109280006FE7144A536843F0E06343F4004361E737
:10929000104A536823F4004363E70E4A536823F0EF
:1092A000E06357E70B4A536823F0E06343F08073B1
:1092B00050E7084A536823F0E06343F0007349E73E
:1092C000044A536823F0E06343F0806342E700BF41
:1092D000001002400000014091FAA1F3B3FA83F3B9
:1092E00070B50D0E0F2691FAA1F1B1FA81F1445932
:1092F0009B0006FA03F3890024EA03048A40224310
:10930000425170BD91FAA1F3B3FA83F370B50D0E1B
:10931000042691FAA1F1B1FA81F144599B0006FAB1
:1093200003F3890024EA03048A402243425170BDBA
:10933000431C04D00C3151F80C3C5A1C01D10020C4
:109340007047834201F10C01F5D101207047000004
:10935000431C2DE9F34106460F4600D1FEE7594B69
:1093600000F00F02C0F3031001F0070853F8224089
:10937000FFF710FDB8F1010F054615D194FAA4F3DB
:10938000B3FA83F30321200E2A589B0001FA03F35A
:1093900022EA030294FAA4F3B3FA83F39B00994000
:1093A00011432950012213E0C7F30620B8F1030F3F
:1093B0000AD801A353F828F0CB930008A59300081E
:1093C0002F9400083D940008FEE7FFF789FE08226D
:1093D0002146284608F1FF38FFF77EFFB8F1010F5C
:1093E00006D817F0080218BF04222146FFF78AFFAB
:1093F00094FAA4F2230EB2FA82F2E9580F239200F3
:10940000934094FAA4F2B2FA82F2C7F301170B4028
:109410009200012F23FA02F312D0022F3BD0082B27
:1094200021D1042221462846FFF756FF1BE07F2862
:1094300001D10922CCE7FFF753FEFAE70022C7E784
:10944000042B04D1082221462846FFF745FF230AB2
:1094500093FAA3F3B3FA83F20123E968934021EA74
:1094600014210B43EB60184B9A6942F001029A6198
:109470009B6903F001030193019BA6F10D03012BEE
:1094800014D8124A536823F0E06343F080635360BA
:1094900002B0BDE8F081042B04D108222146284601
:1094A000FFF71AFFEB6823EA1423DBE70F2E02D045
:1094B000133E012EECD8054A536823F0E06343F0D5
:1094C0000073E4E710E100080010024000000140D2
:1094D000431C06D17047834202D18968FFF738BF29
:1094E0000C310B685A1CF6D1FEE70B685A1C01D1EF
:1094F00000207047834201D1486870470C31F4E77F
:10950000431C01D0FFF7F1BF002070474B6813B92F
:109510004FF0FF307047834201D1086870470C312B
:10952000F4E708B1FFF7F2BF4FF0FF307047034692
:109530008B42084604D01BB100290CBF18460020FE
:10954000704700000F4B1A6842F001021A60596818
:109550000D4A0A405A601A6822F0847222F480325E
:109560001A601A6822F480221A605A6822F4FE02F5
:109570005A604FF41F029A604FF00062034B9A60EA
:10958000704700BF001002400000FFF800ED00E04F
:109590000438704703681D4A84B093420BD11C4BBA
:1095A0009A6942F400629A619B6903F40063009334
:1095B000009B04B07047B3F1804F0BD103F5043327
:1095C000DA6942F00102DA61DB6903F00103019319
:1095D000019BEEE70F4A93420AD10D4BDA6942F044
:1095E0000202DA61DB6903F002030293029BE0E707
:1095F000094A9342DDD1064BDA6942F00402DA618E
:10960000DB6903F004030393039BD2E7002C0140C2
:109610000010024000040040000800400368124AA5
:10962000934206D102F56442936923F40063936187
:109630007047B3F1804F05D10C4AD36923F0010381
:10964000D36170470A4A934205D102F50332D369C8
:1096500023F00203F4E7074A9342F2D102F5023203
:10966000D36923F00403EBE7002C01400010024013
:109670000004004000080040431C10D00C4B9842EE
:1096800010D007D8B0F1804F0ED0A3F58063984278
:109690000CD0FEE7074B9842FBD1192070476FF0C2
:1096A0000D0070471E2070471C2070471D2070471A
:1096B00000080040002C0140431C10D00C4B984285
:1096C00010D007D8B0F1804F0ED0A3F58063984238
:1096D0000CD0FEE7074B9842FBD11B2070476FF080
:1096E0000D0070471E2070471C2070471D207047DA
:1096F00000080040002C014038B50446FFF74AFF3F
:109700000068FFF7B9FFD4E91212FCF7FDF92068F1
:10971000FFF7B2FFFCF728FA22681046FFF7CCFFEC
:1097200005461046FFF7A8FF85420BD0D4E9121278
:109730002846FCF7E9F92068FFF7BEFFBDE838408E
:10974000FCF712BA38BD0000431C0CD0094B9842FC
:109750000BD007D820F48063B3F1804F07D0064BBD
:10976000984204D0FEE70020704702207047012095
:10977000704700BF002C0140000800402DE9F04F69
:109780008B4692469946044685B018B9002005B02C
:10979000BDE8F08F6449406DFFF7B2FE63490646AD
:1097A000A06DFFF7ADFE62490746E06DFFF7A8FE2A
:1097B00060490546206EFFF7A3FE8046002EE5D0E7
:1097C000A36D013301D0002FE0D0E36D013301D050
:1097D000002DDBD0236E013302D0B8F1000FD5D0BD
:1097E00030463946FFF7A3FE0646206020B9014601
:1097F000FFF79DFE0646206029463046FFF797FE9C
:1098000041462060FFF793FE20600028BED04A4BFF
:10981000984252D103F55843DA6842F48042DA6044
:10982000DA6822F48042DA609A6942F480429A61EE
:109830009B69002203F480430193019B25233A494D
:10984000606D84F8652084F86430FFF741FE1FB135
:109850003649A06DFFF73CFE2DB13549E06DFFF7AD
:1098600037FE4FF48075B8F1000F05D03149206EF6
:1098700045F40075FFF72CFE94F865202F4B261D4C
:1098800043F8226023680022C4E9013B0E9B94F94F
:109890006400C4E904390C230121C4E90635C4F885
:1098A0000CA02262FCF730F93046002F38D1FDF7CA
:1098B000CDFFB0FA80F0400969E7214B984215D1FD
:1098C00003F5E6331A6942F400321A611A6922F488
:1098D00000321A61DA6942F40032DA61DB6901228E
:1098E00003F400330293029B2623A8E7154B98420A
:1098F0007FF44CAF03F5E4331A6942F480221A6115
:109900001A6922F480221A61DA6942F48022DA614B
:10991000DB69022203F480230393039B27238EE752
:10992000FDF765FFC5E700BFA8E200086CE200088C
:1099300030E20008F4E1000800380140700D00201A
:10994000004400400048004008B5074B90F86520EF
:1099500053F82200FEF7A4F900F02200A0F1220340
:109960005842584108BD00BF700D002008B5074B94
:1099700090F8652053F82200FEF792F900F02100DC
:10998000A0F121035842584108BD00BF700D0020CE
:1099900070B50E46054610B94FF0FF3070BDFFF7A9
:1099A000D3FF04460028F7D1294611F8663F01226B
:1099B000337095F86500034B53F82000FEF78FF9DC
:1099C0002046EBE7700D002038B50D460446B8B1CF
:1099D000FFF7BAFFA0B994F96400E564FCF7D2F888
:1099E00094F86500074B04F1660153F8200001224A
:1099F000FEF775F994F96400BDE83840FCF7B4B897
:109A000038BD00BF700D002038B515460446B8B10A
:109A1000016590F96400FCF7B5F8B4F87630E16EB2
:109A20009BB294F865001944064BAAB253F8200083
:109A3000FDF73FFF94F96400BDE83840FCF794B8A7
:109A400038BD00BF700D002048B1836D013306D1D1
:109A500090F86520024B53F82200FEF7F1B87047EA
:109A6000700D002048B1836D013306D190F8652058
:109A7000024B53F82200FEF7FBB87047700D002030
:109A8000836C04381847C36C0438184730B5044653
:109A900050F8043985B01D6815F0010512D0002278
:109AA00000921A6800925B680093009BFFF74CFFDE
:109AB00040BB0122204604F1620105B0BDE8304000
:109AC000FEF70DB9196811F0020106D001951A6868
:109AD00001925B680193019BE8E71A6812F00402A7
:109AE00006D002911A6802925B680293029BDDE73E
:109AF00019680907DAD503921A6803925B68039321
:109B0000039BD3E705B030BD08B52520FCF760F80E
:109B1000024B1868BDE80840FDF748BF700D0020F3
:109B2000262008B5FCF754F8034B586818B1BDE877
:109B30000840FDF73BBF08BD700D0020272008B589
:109B4000FCF746F8034B986818B1BDE80840FDF7EC
:109B50002DBF08BD700D002003460A4910B50868E6
:109B60000344EFF30882934205D90C224FF0FF30F3
:109B7000054B1A6010BD054A054C121B9342F4D2E6
:109B80000B60F7E74C000020241B00200050002051
:109B900000040000FEE700001622024B4FF0FF30E9
:109BA0001A607047241B00200120704707B5036826
:109BB0008DF8071001225B680DF10701984703B08B
:109BC0005DF804FB014800F0AFB800BF741000203E
:109BD000F8B50E4617461546ADB100F05FFD90B1E1
:109BE0000A4800F0A1F8A84228BF284604460028E9
:109BF000F3D031462246054800F0B7F82D1B264425
:109C000000F068FDE8E7781BF8BD00BF7410002085
:109C1000014800F04CB900BFAE0F002010B5044859
:109C200000F06EF9044600F08BFD204610BD00BF29
:109C3000AE0F00202DE9F04106460F46154694B2BE
:109C400002F078FCF060224639460B4800F0B5F986
:109C50008046A4EB0804A4B200F072FD47443CB176
:109C600002F068FCF368C01AB3689842EBD32D1B6E
:109C70002846BDE8F08100BFAE0F00202DE9FF4768
:109C80000646884617461C469DB202F053FC0DF16D
:109C90000E09F0602B463A4641460F48CDF8009039
:109CA00000F0D1F9824600F04BFDBDF80E30ED1A00
:109CB000ADB21F44BAF1000F04D0641B204604B0BB
:109CC000BDE8F087002DF9D002F034FCF368C01A2B
:109CD000B3689842DED3F0E7AE0F0020014800F0F1
:109CE00046B900BFAE0F002008B5034800F02CF8BD
:109CF0000028FADC08BD00BF7410002000F0AABCE8
:109D00004FF47A720021034BC3E90112024A1A6030
:109D1000704700BF7C0D002070E100080023A0F810
:109D20008230A0F880307047B0F88230B0F88020E0
:109D30009BB292B2981A7F30434203F07F0300F047
:109D40007F0058BF58427047B0F88030B0F882208A
:109D50009BB292B203F18000801A434203F07F036A
:109D600000F07F0058BF58427047F8B5B0F88060E7
:109D70000446B6B2B0F88000C6F1800696420F469F
:109D8000154680B20AD9204402F02EFEB4F8803085
:109D90001D4405F07F05A4F88050F8BD32462044EC
:109DA00002F022FE2046AA1BB919EDE7B0F8802088
:109DB000B0F8823092B29BB29A422BBFB0F880309A
:109DC000B0F88230B0F88220C3F1800328BF9B1A1C
:109DD0009BB20B80A0F88430B0F882309BB218445C
:109DE0007047B0F88220B0F88430134403F07F034A
:109DF000A0F8823070470023A0F8C230A0F8C0302D
:109E0000C023A0F8C4307047B0F8C23082B09BB213
:109E1000ADF80630B0F8C010BDF8063089B29BB27C
:109E20009942B0F8C03002469BB21ED37F2B08D9AE
:109E3000B0F8C0309BB2802B09D1BDF806309BB280
:109E40002BB1B2F8C0309BB2D01802B07047BDF849
:109E5000063000209BB2402BF7D9B2F8C0309BB23D
:109E6000A2F8C430A2F8C000EBE7BDF806104033FA
:109E700089B28B42E5D30020E7E7B0F8C03019443F
:109E800089B2A0F8C010B0F8C020B0F8C43092B2C7
:109E90009BB29A4224BFC023A0F8C430B0F8C030AF
:109EA0009BB2BF2B84BF0023A0F8C0307047B0F82E
:109EB000C03082B09BB2ADF80430B0F8C430024676
:109EC0009BB2ADF80630B0F8C210BDF8043089B2CC
:109ED0009BB2994208D8BDF80430B0F8C2209BB2BA
:109EE00092B2981A02B07047BDF80600BDF804108F
:109EF000B2F8C23080B289B29BB20844C01AF1E70E
:109F0000B0F8C02082B092B2ADF80420B0F8C420FE
:109F1000034692B2ADF80620B0F8C210BDF8062094
:109F200089B292B2914204BF0022A0F8C220B0F8D8
:109F3000C210BDF8042089B292B2914214D0B0F898
:109F4000C22092B2511C89B2A0F8C210B3F8C2105C
:109F5000805CBDF8062089B292B2914202D3002201
:109F6000A3F8C22002B070474FF0FF30FAE7B0F814
:109F7000C03082B09BB2ADF80430B0F8C4309BB2B0
:109F8000ADF80630B0F8C220BDF8063092B29BB2F0
:109F90009A4224BF0023A0F8C230B0F8C220BDF816
:109FA000043092B29BB29A420FBF4FF0FF30B0F82C
:109FB000C2309BB2C05C02B0704737B50446B4F8FB
:109FC000C03008469BB2ADF80430B4F8C4309BB240
:109FD000ADF80630B4F8C210BDF8063089B29BB2B5
:109FE000994224BF0023A4F8C230B4F8C210BDF8CF
:109FF000043089B29BB2994294BFBDF80450BDF8B9
:10A000000650B4F8C230B4F8C210ED1AADB29542A1
:10A0100028BF154689B22A46214402F0E5FCB4F86F
:10A02000C23028462B449BB2A4F8C230B4F8C220F8
:10A03000BDF8063092B29BB29A4224BF0023A4F826
:10A04000C23003B030BDF7B51C46B0F8C030089D33
:10A050009BB2ADF80430B0F8C4309BB2ADF8063016
:10A06000B0F8C260BDF80630B6B29BB29E4224BFC3
:10A070000023A0F8C230B0F8C260BDF80430B6B218
:10A080009BB29E4294BFBDF80430BDF80630B0F8D4
:10A09000C2609B1B9BB2A34228BF23460024B0F89A
:10A0A000C260B6B20644A7B2BB4210D82B80B0F84B
:10A0B000C22013449BB2A0F8C230B0F8C220BDF851
:10A0C000063092B29BB29A4220D2002018E016F8D5
:10A0D00004C08C4516D1B0F8C2309BB201333B446A
:10A0E0009BB2A0F8C230B0F8C220BDF8063092B2E0
:10A0F0009BB29A4224BF0023A0F8C23001202F80D7
:10A1000003B0F0BD02F804C00134CCE70023A0F88E
:10A11000C230DAE7D0F8D43210B500EB8300D0F8C3
:10A12000C0428CB1D0F8C4321BB194F80002FF28B1
:10A1300001D1002010BD9B68214694F80122984768
:10A14000FF2384F80032F4E70320F3E70A230380B7
:10A15000004870475401002070B5832106460F481F
:10A1600000F072FC012105460C4800F06DFC8221D4
:10A1700004460A4800F068FC0DB11022AA711CB117
:10A18000402222710022627118B140220271002225
:10A19000427143230148338070BD00BF500000204E
:10A1A00070B5832106460F4800F04EFC012105469C
:10A1B0000C4800F049FC822104460A4800F044FCA7
:10A1C0000DB11022AA711CB14022227100226271CD
:10A1D00018B14022027100224271432301483380AA
:10A1E00070BD00BF9400002070B5832106460F4863
:10A1F00000F02AFC012105460C4800F025FC8221D4
:10A2000004460A4800F020FC0DB11022AA711CB1CE
:10A21000002222710222627118B100220271022210
:10A22000427143230148338070BD00BFD800002035
:10A2300038B5D0F8D4320446B03350F823508DB13D
:10A2400001F002F8D4F8D432C5F80C0204EB830410
:10A25000D4F8C432D5F80402DB6805F503719847D9
:10A26000002038BD0320FCE7F8B5D0F8D4620A46D8
:10A2700000EB8606D6F8C05235B3142701F00F0C58
:10A2800007FB0C07BB698BB14FF0280ED0F8C84212
:10A290000EFB0C44246AB3FBF4FC04FB1C332BB907
:10A2A0001A46BB6100F0C2FF0020F8BD0023C5F8CC
:10A2B0001432D6F8C4321B69002BF5D0D5F8080249
:10A2C00005F504719847EFE70320EEE7F7B50022A4
:10A2D000D0F8D432044600EB8303D3F8C0620D46B5
:10A2E0008DF80520ADF80620002E65D091F800C04D
:10A2F0001CF0600229D0202A5AD1CA884F78F2B1C6
:10A300001CF0800F0ED0D3F8C432314638469B681B
:10A310009847EA883146072A28BF0722204600F0DE
:10A320001EFE09E0402A28BF4022314686F800720E
:10A3300086F8012200F028FE002003B0F0BDD3F81B
:10A34000C43238469B689847F6E74B780B2B2FD8DA
:10A3500001A252F823F000BF89A3000839A3000826
:10A36000B1A30008B1A30008B1A30008B1A300087D
:10A37000B1A30008B1A30008B1A30008B1A300086D
:10A3800099A30008A9A3000890F89C32032B0FD1D1
:10A3900002220DF10601C1E790F89C32032B07D190
:10A3A00001220DF10501B9E790F89C32032BC3D0CF
:10A3B0002946204600F0A6FD0320BEE738B5044636
:10A3C0000025822100F005FF01212046A4F84C5011
:10A3D00000F0FFFE83212046A4F8785100F0F9FE3A
:10A3E000D4F8D432256604EB8303D3F8C02252B1EB
:10A3F000D3F8C4325B689847D4F8D432B03344F809
:10A400002350C4F8BC52002038BD0000F8B5044603
:10A410002C4D4FF407720021284602F03BFAD4F885
:10A42000D432B03344F82350237CC4F8BC52CBBBA5
:10A430004FF4007382210222204600F0C0FE012169
:10A440004FF40073A4F84C100222204600F0B7FE2F
:10A4500001261023002703228321A4F8623020461E
:10A460000823A4F8786100F0AAFED4F8D432A4F846
:10A47000606004EB8303D3F8C432C5F804721B6830
:10A480009847D5F80422C5F81472C5F81872B2B10D
:10A49000237C93B94FF400733146204600F0CDFE83
:10A4A0000020F8BD402382210222204600F087FED2
:10A4B00001214023A4F84C10C6E74023ECE702201A
:10A4C000EFE700BF8C0D002039B1D0F8D43200EB9B
:10A4D0008300C0F8C4120020704703207047D0F8F2
:10A4E000D432B03350F823302BB10020C3F8081217
:10A4F000C3F81022704703207047D0F8D432B0332D
:10A5000050F823301BB10020C3F804127047032019
:10A510007047D0F8D43210B5B03350F823207AB158
:10A52000D2F8144201236CB9C2F81432D2F81032B6
:10A530008221D2F80822036400F078FE204610BD84
:10A540000320FCE71846FAE7D0F8D42208B5B03269
:10A5500050F8222062B1037CD2F8042233B94FF4C0
:10A560000073012100F069FE002008BD4023F8E7D8
:10A570000320FAE7D0F8D42208B5B03250F82230E0
:10A5800033B1002301211A4600F057FE002008BD18
:10A590000320FCE70020704721280ED022281DD080
:10A5A000202808D10A68184B1A600A791A714A796A
:10A5B0005A718A799A7100207047134B1A680A7091
:10A5C0001A68120A4A705A888A70DA78CA701A7938
:10A5D0000A715A794A719B798B71ECE70B4A4B8867
:10A5E00012780B49002A14BF1A46012202F0010218
:10A5F0000A700A7812B10021064A1160064AC3F3B4
:10A6000040031370D7E700BF600100207D010020E8
:10A61000AD0F0020A80F0020AC0F002008B509489E
:10A62000FFF77CFB0848FFF7E6FB0122074B0648D3
:10A630001A70FFF7E9FB01460548FFF75EFF0020AF
:10A6400008BD00BF74100020AE0F00207C01002068
:10A65000FC10002010B50C4C22789AB90B490C481C
:10A6600000F0A0F870B90B49094800F0AEF848B9FD
:10A6700009490748FFF728FF20B9054800F0BEF850
:10A680000123237010BD00BFFA100020B00100208C
:10A69000FC1000201C010020680100200A4B10B5AE
:10A6A0001C6814B1FBF718FA041B084B93F89C3292
:10A6B000032B07D1022C05D8054B1878C0B200F047
:10A6C000010010BD0020FAE7A80F0020FC100020B8
:10A6D000AD0F002037B50F4CD4F8BC32D3F814328C
:10A6E000ABB90D480DF10601FFF760FBBDF8063070
:10A6F000054663B1FBF7F0F9084B29461860BDF831
:10A7000006202046FFF7EBFE2046FFF702FF03B0CE
:10A7100030BD00BFFC10002074100020A80F0020E6
:10A7200010B50024044B05481C60FFF75AFBFFF7E7
:10A73000D1FF204610BD00BFA80F002074100020DC
:10A7400038B50A4D2B780BB1002038BD0848FFF70B
:10A750005BFB01460028F7D0012406482C70FFF768
:10A76000CCFE0448FFF7F0FE2046EEE77C01002017
:10A77000AE0F0020FC10002008B509880648FFF73E
:10A780007CFB0022054B1A70FFF7DAFF10B9044872
:10A79000FFF7F0FE002008BDAE0F00207C01002076
:10A7A000FC10002078B10023C0F8B832C0F8C432E1
:10A7B000C0F8D03209B1C0F8B4120123027080F899
:10A7C0009C3200F0C9BC03207047002313B5044637
:10A7D000ADF8063081B1CB6AC0F8B81223B10DF1E3
:10A7E00006009847C4F8D0020020D4F8D8320133CC
:10A7F000C4F8D83202B010BD0320FBE700F0D8BC8B
:10A80000D0F8B8320BB11B6818471846704708B526
:10A81000D0F8B8325B689847002818BF032008BDFD
:10A8200038B500F2AA250446284600F060FB012353
:10A8300094F8AA12C4F89432B4F8B032C4F898323A
:10A8400001F01F03012B08D0022B0CD08BB9294635
:10A850002046BDE8384000F015B929462046BDE83D
:10A86000384000F073BA29462046BDE8384000F071
:10A870009CBA2046BDE8384001F0800100F0B0BC31
:10A8800070B50446164609BBD0F89432032B0CD1A0
:10A89000D0E9573293420AD99B1A9A4228BF1A46E6
:10A8A0003146C0F85C3100F07CFB002070BD90F8B0
:10A8B0009C32032B06D1D0F8B8321B6913B1C0F813
:10A8C000D4129847204600F074FBEEE790F89C32D3
:10A8D000032BEAD1D0F8B8329B69002BE5D0BDE854
:10A8E00070400022C0F8D422184770B504461646BE
:10A8F0000D4600293DD1D0F89432022B0ED1D0E97B
:10A900000732934212D99A1A3146C26100F034FBE1
:10A910002B462A462946204600F08FFC94F8A032A8
:10A9200013B1002384F8A032002070BD0CD18269DD
:10A93000934209D8D0F898329A4205D20A4600F0DC
:10A940001BFBC4F89852E3E794F89C32032B08D120
:10A95000D4F8B832DB6823B100222046C4F8D422F0
:10A9600098478021204600F03BFC204600F02CFB5D
:10A97000D4E790F89C32032BD6D1D0F8B8325B697B
:10A98000002BD1D0BDE870400022C0F8D422184777
:10A99000F8B50123002180F89C32D0F8B832044683
:10A9A000C0F894124160C0F8A41280F8A012B3B9A4
:10A9B000002600224025012711464023204600F0B2
:10A9C000FEFB2B46002280212046A4F86471C4F8C7
:10A9D000605100F0F4FB3046A7842562F8BD5B6847
:10A9E000002BE5D098470028E2D00326E1E7017468
:10A9F0000020704790F89C32042B1EBF90F89C32C8
:10AA0000DBB280F89D32042380F89C32002070472E
:10AA100090F89C32042B02BF90F89D32DBB280F894
:10AA20009C320020704708B590F89C22032A05D17B
:10AA3000D0F8B83213B1DB6903B19847002008BDE4
:10AA4000002070470020704710B5428803789A4272
:10AA50000AD904782044234444789BB2052CF6D1CB
:10AA600084788C42F3D110BD0020FCE710B5044679
:10AA7000802100F0B5FB2046BDE81040002100F029
:10AA8000AFBB000073B50B78044603F06003202BC6
:10AA90000D4609D0402B07D093B12046FFF7E6FFC3
:10AAA0000025284602B070BD29462046D4F8D4328D
:10AAB000AE3354F823309B6802B0BDE870401847AD
:10AAC0004B78092BE9D801A252F823F0EBAC00082F
:10AAD0002FAD00089BAA000813AD00089BAA000830
:10AAE000E5AB0008F5AA00089BAA0008BFAC000867
:10AAF00027AC000800234988ADF806300B0A013B5B
:10AB0000062BCAD801A252F823F000BF29AB0008D7
:10AB10005BAB000875AB00089BAA00089BAA000865
:10AB2000B7AB0008CDAB0008D0F8B4321B68207C6E
:10AB30000DF106019847EA88002A00F0A380BDF8CD
:10AB40000630002BA9D09A4228BF1A460146ADF81C
:10AB50000620204600F003FAA2E7027CD0F8B832C3
:10AB600032B99B6A0DF10600984702234370E2E771
:10AB7000DB6AF7E7C9B2D0F8B432052912D8DFE8AA
:10AB800001F00307090B0D0F5B68002BCFD184E7A1
:10AB90009B68FAE7DB68F8E71B69F6E75B69F4E7AF
:10ABA0009B69F2E7DB69002B3FF477AF0DF10602FA
:10ABB000007C9847BFE7037C002B7FF46EAFD0F892
:10ABC000B8320DF106005B6B9847B4E7037C002BAD
:10ABD0007FF463AFD0F8B8320DF106001B6B9847D5
:10ABE0000723C3E78B88002B7FF457AFCB88002B5C
:10ABF0007FF453AF4D887F2D3FF64FAF90F89C32D6
:10AC0000032B3FF44AAFEDB2294680F89E5200F084
:10AC100006FB204600F0CDF91DB1022384F89C32DA
:10AC20003EE70123FAE78978474D0129297003D9C6
:10AC3000FFF71CFF032534E790F89C32022BDEB2AD
:10AC400008D0032E17D0FFF711FF20462978FFF711
:10AC5000DEFDEFE7B1B101214160FFF7D1FD05460F
:10AC6000204625B1FFF702FF84F89C6219E700F047
:10AC7000A0F90323D2E749B90223416080F89C324E
:10AC8000FFF7C5FD204600F094F909E74168012966
:10AC9000F8D0C9B2FFF7BBFD297820466160FFF705
:10ACA000AFFD05460028EDD02046FFF7DFFE204629
:10ACB0002179FFF7ACFD022384F89C32F1E6CA88C3
:10ACC000012A7FF4EAAE90F89C120229CBB207D891
:10ACD000002B3FF4E2AE0146002341F8083F38E77D
:10ACE000032B7FF4DAAE011D33E790F89C32013B71
:10ACF000022B3FF6D2AECA88022A7FF4CEAED0F83D
:10AD0000A4320146002B0CBF0123032341F80C3F62
:10AD10001FE74B88012B02D1C4F8A432B2E7022B03
:10AD20007FF4BBAE8B881B0A80F8A032AAE790F8AC
:10AD30009C32013B022B3FF6B0AE4B88012B7FF4D7
:10AD4000AFAE0023E8E700BFD813002070B50B7842
:10AD5000044603F060025B060E4601D5402A1FD16F
:10AD600094F89C32013B022B1AD8317920460229F3
:10AD700017D8FFF765FE88B9D4F8B8329B686BB175
:10AD8000C4F8D4023146204698470546F3881BB9DB
:10AD900015B9204600F00DF9284670BD0325F5E7EA
:10ADA0002046FFF763FE0025F6E770B50B780446F2
:10ADB00003F06003202B0E468A880D7957D0402B74
:10ADC00055D01BB12046FFF751FE3CE04B78012BDC
:10ADD0003BD0032B24D0002BF4D190F89C32022BD3
:10ADE000D9B260D00329EDD112F0800F4FF01402D8
:10ADF00005F00F0302FB030366D09B8C002BE1D010
:10AE0000142605F07F0303FB0666802D064467D0F9
:10AE10002946204600F0F2F9002866D0012360E0C0
:10AE200090F89C32022BDAB233D0032ACAD14B8875
:10AE300033B9690604D0F38813B9294600F0D0F974
:10AE4000204600F0B6F8002070BD90F89C32022B2E
:10AE5000DAB21ED0032AB5D14B88002BF3D16B0692
:10AE600002D0294600F0C3F9204600F0A2F8294696
:10AE70002046FFF7E7FD0028E5D1D4F8B832C4F842
:10AE8000D4029B68002BDED031462046BDE87040DE
:10AE900018476A0696D0294600F0A2F9802120467C
:10AEA00000F09EF9CFE769068CD113064FF000033E
:10AEB0004FF002024CBF00F1140100F5AA710B60C3
:10AEC000204600F04CF8BEE7B3F86431002B3FF4A5
:10AED00079AF142606FB050606F5AA76002D97D154
:10AEE0000023336002223146EAE73060FAE70B784C
:10AEF00003704B7843704B8843808B888380CB886A
:10AF0000C380704710B50446802100F069F92046DF
:10AF1000BDE81040002100F063B970B50D4616463B
:10AF20000446A0B1F5F7FEF8C0B2013080284FEA20
:10AF300040038CBF4FF480739BB233802B7003238C
:10AF400000216B700223013C14F8012F02B970BD7F
:10AF5000EA545A1CD2B20233A954DBB2F4E71346C6
:10AF6000022210B5C0E90633C0F894220A46002137
:10AF700000F05CF9002010BD08B513460A46002118
:10AF800000F054F9002008BD1346032210B5C0E9B3
:10AF90005633C0F894220A46002100F04EF90020F2
:10AFA00010BD08B513460A46002100F046F90020FE
:10AFB00008BD08B504220023C0F8942219461A4699
:10AFC00000F034F9002008BD08B505220023C0F8C0
:10AFD000942219461A4600F030F9002008BD0000FE
:10AFE00037B5244B026804469A4240D1224D03E013
:10AFF000A968FEF7ADF90C352868431CF8D11F4B42
:10B000000121DA69132042F40002DA61DB690022CF
:10B0100003F400030193019BFAF776FD1320FAF77E
:10B02000A3FD002201211420FAF76EFD1420FAF787
:10B030009BFDA37A012B1AD14FF48022104B2A20BA
:10B040005A61DA6822F48022DA609A6842F4802237
:10B050009A601A6842F480221A60FAF785FD00228D
:10B060002A20114603B0BDE83040FAF74DBD03B0C9
:10B0700030BD00BF005C0040D0E10008001002407D
:10B080000004014000F52671D0F8D402FFF7C8BBD8
:10B09000282303FB0103D0F8D402D3F86421FFF77F
:10B0A000EFBB282303FB0103D0F8D4025A6AFFF751
:10B0B0001CBCD0F8D402FFF7B6BC10B50446D0F8DB
:10B0C000D402FFF765FCD4F8D4020121BDE810409A
:10B0D000FFF78DBC10B50446D0F8D402FFF78AFC08
:10B0E000A37A23B1024A136943F00603136110BD2A
:10B0F00000ED00E010B5837A044633B100F03EF96C
:10B10000054A136923F006031361D4F8D402BDE89D
:10B110001040FFF77DBC00BF00ED00E00148FAF7EA
:10B12000A3BF00BFDC130020FFF7F8BF08B5074B33
:10B130009B7A33B1064A136923F00603136100F0CA
:10B140001DF94FF48022034B5A6108BDDC13002027
:10B1500000ED00E00004014070B5054600F0F2F893
:10B160000423104C2371104BC4F8D45223600223E3
:10B17000E380A36000232046C5F8C8422373FAF792
:10B18000E3FE00B1FEE70526084D6B682A89298891
:10B190002046FBF73AFD013E05F10C05F5D130469E
:10B1A00070BD00BFDC130020005C004094E100088B
:10B1B00008B5D0F8C802FAF72AFF002008BD10B57C
:10B1C0001446D0F8C8021A462346FBF727FC002095
:10B1D00010BD08B5D0F8C802FBF750FC002008BD30
:10B1E00008B5D0F8C802FBF7A8FC002008BD08B5D8
:10B1F000D0F8C802FBF7D7FC002008BD282211F0C8
:10B20000800FD0F8C8321BBF01F07F0102FB013371
:10B2100002FB0133987C08BF93F85201704708B5D0
:10B22000D0F8C802FAF70CFF002008BD08B5D0F826
:10B23000C802FBF76AFC002008BD08B5D0F8C802B8
:10B24000FBF744FC002008BDD0F8C802FBF755BC52
:10B25000122301480B8070479C0100200423014801
:10B260000B8070479801002000487047B4160020FA
:10B27000002370B51E464D1C040FB0F1204F34BFA3
:10B280003034373401F8134005F813600133DCB271
:10B29000A2424FEA0010EFD870BD00001A2310B58B
:10B2A0000B800A4BD3F8E807D3F8F02780180AD0B0
:10B2B000D3F8EC4706490822FFF7DAFF04222046BC
:10B2C0001031FFF7D5FF034810BD00BF00F0FF1F8E
:10B2D000800100207E01002008B50A46024803498B
:10B2E000FFF71BFE014808BDE9DC0008B417002089
:10B2F0000A4608B5044920B90448FFF70EFE024883
:10B3000008BD0348F9E700BFB4170020FCDC0008C3
:10B310001BDD000808B50A4602480349FFF7FDFD9A
:10B32000014808BD3ADD0008B417002008B50A46F8
:10B3300002480349FFF7F1FD014808BD55DD00084B
:10B34000B417002008B501210C20FEF701F8084BC6
:10B350000A201A68074B1B6BC3F30F23536101F0DC
:10B36000EBF8BDE8084000210C20FDF7F1BF00BF5D
:10B370002C00002010E10008FFF76CB908B5FDF7BC
:10B3800095FDBDE8084000F000B810B594B0142257
:10B3900000210CA801F07EFA142200210DEB02001E
:10B3A00001F078FA1022002101A801F073FA0224BA
:10B3B0004FF480330122CDE91143CDE90A234FF444
:10B3C000E0130AA80E921393FBF73AFC00B1FEE7D4
:10B3D0000F23CDE905344FF480630790CDE90830A1
:10B3E000214605A8FBF7EEFD00B1FEE7122301930D
:10B3F0004FF40043CDE9033001A8FBF7BDFE00B1D7
:10B40000FEE714B010BDB0F80831B0F80421981A66
:10B4100000F03F007047B0F80831B0F804219BB24B
:10B4200093421ABFD0F8FC30985C4FF0FF30704761
:10B4300090F80631B0F80A01C0B2834227BFC3F1C9
:10B440003F03C018C01A00F1FF30704707B503680A
:10B450008DF8071001225B680DF10701984703B0D2
:10B460005DF804FB13B50DF107010446FEF790FAF1
:10B4700088B9B4F87430B4F87020013303F03F0396
:10B48000934208D0B4F874209DF80700A16E92B2E0
:10B490008854A4F8743002B010BD0000B0F87610E3
:10B4A000826F10B50A4402F03F02A0F87620B0F88F
:10B4B0007610B0F8722089B28A421AD0B0F876407D
:10B4C0004032A4B2B0F87610121B544289B204F094
:10B4D0003F0402F03F02C1F1400158BF62428A427C
:10B4E00028BF0A4604498267FEF78EFA4FF0FF3004
:10B4F00010BD0020FCE700BF9DB400082DE9F84313
:10B50000036804469B6888461646984701232374BF
:10B51000D4F8EC30B4F8067101338146C7F1400726
:10B5200009D194F8113133B1002304F1940084F867
:10B530001131FEF789FA236820469B689847002856
:10B54000F9D03546BD4225D84D4523D8B4F806314B
:10B55000D4F800015A19402A184430D82A464146E6
:10B5600001F042FA2F46B4F806311D4405F03F05BC
:10B57000A4F8065104F194052846FEF7F7F930B90E
:10B580003A4628461549C4F80C71FEF73DFA304694
:10B59000BDE8F8834F4528BF4F4623683A464146E9
:10B5A0005B6820469847236820469B689847ED1BB8
:10B5B000B844B4F806718146C7F14007C2E7C3F149
:10B5C00040073A46414601F00FFAD4F80001EA1B61
:10B5D00008EB070101F008FAC5E700BF9DB40008B9
:10B5E000C0F8F030009B914208BF4FF0FF31C0F827
:10B5F000F43000F11403C0F8FC300023C0E93A2114
:10B6000000F15402A0F80831C0E94023A0F80A3143
:10B610007047000073B54FF47A750026C0E90165E4
:10B620003D4D069C0560CDB2222D25D83B4E01F440
:10B63000E06156F825502943D5B2222D30D8374E37
:10B6400002F4E06256F825502A43DDB2222D3BD8A1
:10B65000324E03F4E06356F825502B43E5B2222D19
:10B6600046D82E4E04F4E06456F825502C4300943E
:10B67000FFF7B6FF02B070BD01F0C006C02E0CD1BE
:10B68000C92D0AD8264D01F03F0655F82660234DF6
:10B6900001F4E06155F82650CDE74FF0FF31CBE7DC
:10B6A00002F0C006C02E0CD1C92D0AD81C4D02F0E4
:10B6B0003F0655F82660194D02F4E06255F8265011
:10B6C000C2E74FF0FF32C0E703F0C006C02E0CD136
:10B6D000C92D0AD8124D03F03F0655F826600F4DCC
:10B6E00003F4E06355F82650B7E74FF0FF33B5E7B2
:10B6F00004F0C006C02E0CD1C92D0AD8084D04F0A4
:10B700003F0655F82660054D04F4E06455F82650D0
:10B71000ACE74FF0FF34AAE7ACE5000810E50008FD
:10B72000E8E40008F7B54FF47A7316460022C0E942
:10B730000123174B174F03604FF0FF33C0F8EC3075
:10B740000D4604461449F86AFDF7DAFE854213D126
:10B75000BB6AC4F8EC30FA6A4FF0FF33012E08BF21
:10B76000C4F8EC30009320464FF0FF33D4F8EC10CF
:10B77000FFF736FF03B0F0BD08492846FDF7D1FEBC
:10B780000549C4F8EC002846FDF7CBFE0246E3E786
:10B79000ACE5000810E50008A8E200086CE200082B
:10B7A000037C70B504460D46A3B1FAF795F9064639
:10B7B000B4F80621B4F80A319BB29A420AD0002D9F
:10B7C000F8D0FAF789F9801B8542F1D8B4F80A312C
:10B7D000A4F8063170BD0021FFF7E2BFD0F8EC30CD
:10B7E00010B5013304460ED10368DB68984794F81E
:10B7F000113143B9012304F1940084F81131BDE8FB
:10B800001040FEF72FB910BD7FB5144602F00703B4
:10B81000023BDBB2042B80F8122196BF1F4A0022A4
:10B82000D25C04F03003302B0546C0F8141107D168
:10B830004FF4C0630132082A09D0092A24D0FEE758
:10B8400014F0200325D04FF480630132F3E7002287
:10B85000E87CC4F3C0040390A87C05F19406029030
:10B86000687C6403019000943046FDF787FF85F8FB
:10B87000100188B12846FFF7B1FF3046084904B0EF
:10B88000BDE87040FEF7A0B84FF48052E0E71A46DA
:10B89000DEE7082AFBD0D2E704B070BD9CE50008C3
:10B8A00065B4000810B50446FFF798FFB4F8082106
:10B8B000B4F8043192B29A4217BFD4F8FC204FF08A
:10B8C000FF30D05C01331CBF03F03F03A4F8043108
:10B8D00010BD0000002202490248FFF723BF00BF4D
:10B8E00000380140B41800202DE9F04106460D460D
:10B8F0000C468F18BC4202D1601BBDE8F081A04607
:10B90000336830461B6818F8011B98470028F3D0AD
:10B910004446EFE770B505460C46084649B1F4F7D2
:10B9200001FC2B68024621462846BDE870405B6852
:10B93000184770BD08B5FFF7EDFF08BD03688A68BA
:10B940005B680968184708B5FFF7E4FF08BD03689E
:10B950001B68184708B50249FFF7DCFF08BD00BFA8
:10B9600073DD000838B50546FFF7D4FF04462846C6
:10B97000FFF7F0FF204438BD38B50546FFF7DEFF7E
:10B9800004462846FFF7E6FF204438BDFFF7EABF2C
:10B990000023012A98BF0A2230B58BB00C468DF8DF
:10B9A000243009A92546B4FBF2F404FB1253DBB2A0
:10B9B000092B94BF30333733DBB2AA4201F8013D83
:10B9C000F0D9FFF7A7FF0BB030BD2DE9F0410746D6
:10B9D0000E4614462AB9BDE8F0410368C9B21B6897
:10B9E00018470A2A05D1002905DBBDE8F041FFF719
:10B9F000CFBFD2B2F9E72D21FFF7A9FF22460546B6
:10BA000071423846FFF7C4FF2844BDE8F081FFF7D4
:10BA1000DCBF10B422B9026810BC1268C9B210476A
:10BA200010BCD2B2FFF7B4BF2DE9F8430746084671
:10BA30000D461646F5F72EFB38B13D493846FFF75F
:10BA400069FF04462046BDE8F88325F000442046FF
:10BA50003849F5F71FFB30B920463649F5F7FCFAAF
:10BA600008B93549EAE728463449F5F709FB08B132
:10BA70003349E3E76FF042512846F5F7E3FA00282F
:10BA8000F6D100212846F5F7DDFA044630B12D2124
:10BA90003846FFF75CFF044605F100454FF000080B
:10BAA0004FF07C50DFF89C905FFA88F39E4239D8C3
:10BAB00001462846F5F720F88046F5F701FB0A22F3
:10BAC000014605463846FFF763FF0444002EB9D00F
:10BAD0002846F5F7C1F801464046F5F70BF82E2148
:10BAE00005463846FFF733FFDFF858800444002E40
:10BAF000A8D041462846F5F707F98146F5F7E0FA60
:10BB00000A22014605463846FFF742FF044428460C
:10BB1000F5F7A2F801464846F4F7ECFF013E05466A
:10BB2000F6B2E4E74946F5F7A3F908F10108BBE7E7
:10BB300076DD0008FFFF7F7F7ADD0008FFFF7F4F83
:10BB40007EDD00080000204108B5D2B2FFF76CFF8F
:10BB500008BD38B5D2B20546FFF766FF0446284651
:10BB6000FFF7F8FE204438BD2DE9F84F1946064688
:10BB7000104614461D469DF82870F4F731FF38B181
:10BB80004E493046FFF7C6FE80464046BDE8F88F76
:10BB900025F000494FF0FF3220464946484BF4F764
:10BBA0001FFF48B94FF0FF3220464946444BF4F797
:10BBB000F9FE08B94349E4E74FF0604220462946C0
:10BBC000414BF4F703FF08B14049DAE74FF0604218
:10BBD000204629463E4BF4F7DBFE0028F4D1002234
:10BBE000002320462946F4F7D3FE00285CD02D21FF
:10BBF0003046FFF7ACFE05F1004382461D464FF08C
:10BC0000000B00204FF000083249DFF8CC905FFABB
:10BC10008BF39F424AD802460B4620462946F4F74A
:10BC20008FFA0D460446F4F7F1FE0A2201468146DA
:10BC30003046FFF7ADFE0AEB0008002FA5D04846BE
:10BC4000F4F7BAFB02460B4620462946F4F776FA8B
:10BC500004460D4630462E21FFF779FE4FF0000ACC
:10BC6000DFF874B08044002F8FD05B4652462046E8
:10BC70002946F4F71BFC0D460446F4F7C7FE0A22DA
:10BC8000014681463046FFF783FE80444846F4F77C
:10BC900093FB02460B4620462946F4F74FFA013F34
:10BCA00004460D46FFB2DEE78246A8E742464B4611
:10BCB000F4F726FD0BF1010BA9E700BF76DD0008C4
:10BCC000FFFFEF7F7ADD0008FFFFEF417EDD000818
:10BCD000FFFFEFC10000E03F0000244007B59DF8E2
:10BCE00010100091FFF740FF03B05DF804FB37B57B
:10BCF0009DF8181005460091FFF736FF04462846C8
:10BD0000FFF728FE204403B030BD10B5044600F014
:10BD100011FCE060236820465B699847002808DA38
:10BD200000F008FCE368C01AA3689842F2D34FF011
:10BD3000FF3010BDF8B507460D460C468E18B442CC
:10BD400001D1601BF8BD3846FFF7DFFF431CF8D078
:10BD500004F8010BF3E72DE9F04107468846164643
:10BD60001D4673B100243846FFF7CFFF431C05D0B2
:10BD7000404503D030550134A542F4D12046BDE8FA
:10BD8000F0811C46FAE7000070B50D4609490446EB
:10BD9000164600F0B6F82846FFF7B7FF431C01D05F
:10BDA000864201D1204670BDC1B2204600F067F93D
:10BDB000F1E700BFB3CE00082DE9F84F0C23804611
:10BDC00003FB021A89460B469A4514D84046FFF7F2
:10BDD0009CFF431C16D04F46BA45F7D93A68BC6859
:10BDE000135D834212D17B6801349C42BC6018D140
:10BDF000A7EB090003E05A6832B9A3EB0900144B22
:10BE000080105843BDE8F88F0C33DDE74CB1234672
:10BE10001946013BBB60D55C854215D11BB9012396
:10BE2000BB600C37D8E70025A4EB030C561E16F8B0
:10BE300001BF16F80CE0F34502D10135AB42F6D84C
:10BE4000AB42E5D1B960ECE7002BE1D1E9E700BFF7
:10BE5000ABAAAAAA30B5054685B008460C46F4F749
:10BE600061F90023CDE901400122284601A903938D
:10BE7000FFF7A2FFB0FA80F0400905B030BD10B561
:10BE80000446006800F096FB204610BD10B504463D
:10BE9000006808B100F08EFB0023C4E90133236081
:10BEA00010BD38B504460D460068013100F038FC7D
:10BEB00010B1C4E90005012038BD036810B504467F
:10BEC00013B143688B4207D22046FFF7EAFF20B147
:10BED000A3680BB922681370012010BD70B50E461F
:10BEE000114604461546FFF7E8FF20B92046FFF744
:10BEF000CDFF204670BD31462068A56000F06CFD86
:10BF0000F7E738B5002304460D46C0E900338360E7
:10BF100039B10846F4F706F9294602462046FFF7EC
:10BF2000DDFF204638BD38B5054600680C4638B1FF
:10BF3000096819B16A68A3689A420BD200F03AFB0B
:10BF400023682B6063686B60A368AB600023C4E95F
:10BF5000003303E000F040FDA368AB600023A36062
:10BF600038BD884210B50B46044604D0096821B19B
:10BF70009A68FFF7B3FF204610BDFFF787FFFAE787
:10BF8000002310B50446C0E900338360FFF7E9FFE2
:10BF9000204610BD884210B5044601D0FFF7C3FF0C
:10BFA000204610BD38B505460C4649B10846F4F7A1
:10BFB000B9F8214602462846FFF790FF284638BDCB
:10BFC000FFF764FFFAE710B5002304468AB008467D
:10BFD000C4E90033A36001A900F0AAF9204601A931
:10BFE000FFF7E0FF20460AB010BD10B5002304465D
:10BFF0008AB00846C4E90033A36001A900F0C8F97B
:10C00000204601A9FFF7CEFF20460AB010BD10B5AB
:10C01000002304468AB00846C4E90033A36001A99E
:10C0200000F088F9204601A9FFF7BCFF20460AB0BE
:10C0300010BD70B505460E4609B9002070BD6AB145
:10C040008368D4182146FFF738FF0028F5D0286808
:10C05000AB683146184400F0BFFCAC600120EDE74E
:10C0600038B505460C46084641B1F4F75BF8214661
:10C0700002462846BDE83840FFF7DBBF38BD002345
:10C0800007B501228DF8041001A98DF80530FFF7DE
:10C09000D0FF03B05DF804FB1FB504460A22084632
:10C0A000694600F075F96846F4F73CF869460246BF
:10C0B0002046FFF7BEFF04B010BD10B58A680968BE
:10C0C0000446FFF7B6FF10B92046FFF7DFFE204613
:10C0D00010BD38B504460D4621B92046FFF7D6FEFF
:10C0E000204638BD0846F4F71DF82946024620468A
:10C0F000FFF79FFF0028F0D0F2E710B50446FFF7E6
:10C10000CBFF10B92046FFF7C1FE204610BD1346F5
:10C1100010B58A688468A41A9C420AD3006838B1B2
:10C12000096841B1184400F0CAFBB0FA80F0400938
:10C1300010BD0020FCE70846FAE782688B689A4247
:10C1400002D30022FFF7E3BF0020704783688B42D1
:10C1500003D9006810B1405C704700207047FFF7BA
:10C16000F5BF38B50D462AB121B184689C4202D88A
:10C1700000230B7038BDE41A013A944228BF1446DC
:10C18000016822461944284600F0ABFB00232B55DA
:10C19000F0E7836810B5934206D90468A01800F050
:10C1A00081FB08B1001B10BD4FF0FF30FBE7002200
:10C1B000FFF7EFBF836810B5934207D90468096899
:10C1C000A01800F0B7FB08B1001B10BD4FF0FF3006
:10C1D000FBE70022FFF7EEBFF8B583680546934200
:10C1E00002D84FF0FF30F8BD541C002203681F5DD9
:10C1F0001A550668304600F087FB37550028F0D006
:10C200002B68C01AEFE78268013AFFF7E5BF00002C
:10C210002DE9F0410E469A421D4698BF15460E493B
:10C220001446074698BF1C46FFF76BFEB368AB4247
:10C230000FD99C4228BF1C4600223368384613F8A9
:10C2400004801A5531682944FFF7ACFE336803F8BF
:10C2500004803846BDE8F081B3CE00082DE9F041F6
:10C2600006680546E6B18468D4B1B046474618F87A
:10C27000010B00F08BF90028F8D1013C3444207800
:10C2800000F084F970B9621CD21BBE42AA6003D2CE
:10C290003946304600F0A8FB00212A68AB68D1542B
:10C2A000BDE8F081A742EED8013CE8E7006808B19C
:10C2B00000F074B970477047F0B503468BB008467C
:10C2C00069B3911E222931D80A2A06D1002B04DA3B
:10C2D00001265B4201AD29460EE00026FAE7B3FBDA
:10C2E000F2F402FB14372346092FFCB294BF30341A
:10C2F0005734E4B201F8014B002BF0D1A942EED043
:10C30000034616B12D2203F8012B0A465C1EAA42F1
:10C3100007D84A1B8D4288BF0022002199540BB0D8
:10C32000F0BD12F8016D04F8016FF0E70020F6E7A8
:10C33000FFF7C2BF70B504468AB0084689B1931EA4
:10C34000222B23D801AD29466CB9A9420BD00B464C
:10C35000421EAB4215D84B1B8D4288BF00230022E2
:10C36000C2540AB070BDB4FBF2F302FB13461C4684
:10C37000092EF3B294BF30335733DBB201F8013BDF
:10C38000E2E713F8014D02F8014FE2E70020E8E789
:10C39000FFF7D0BF08B50320F9F7A4FBBDE80840BC
:10C3A00000F0F2B808B5AFF30080F8F78BF9F8F7B2
:10C3B000A3FA00F0CFF8FAE7FDF7C4F80B480C49F0
:10C3C0000C4A002302E0D458C4500433C4188C42F1
:10C3D000F9D3094A094C002301E013600432A24258
:10C3E000FBD300F0D3FAFFF7DDFF70470000002019
:10C3F0002002002008E7000820020020281B00205F
:10C40000FEE70000C3B2222B2DE9F0410D462AD8E9
:10C41000274A00F4E06452F823301C43621C44D0E5
:10C42000244EC4F3031756F8273004F00F0823FAFC
:10C4300008F3DB0710D520461F49FCF779FF10B140
:10C440002046FCF7FBFC012256F8273002FA08F2DE
:10C4500023EA020346F82730052D15D8DFE805F05A
:10C4600015211B1D1F2300F0C002C02A1DD1C92B9E
:10C470001BD8124B00F03F0253F822200C4B00F463
:10C48000E06453F82230C8E7FEE700212046BDE80B
:10C49000F041FCF75DBF1021F8E72021F6E703210A
:10C4A000F4E70121F2E70921F0E7BDE8F08100BFE0
:10C4B00010E50008CC190020E4E20008E8E40008D8
:10C4C000C3B2222B1BD8174A00F4E06052F8233085
:10C4D0001843431C25D0C0F30313042B98BF124A02
:10C4E00000F00F0098BF52F82320104B88BF0022A5
:10C4F00053F82030C3F30F2391B11361704700F05C
:10C50000C002C02A0DD1C92B0BD8094B00F03F0245
:10C5100053F82220034B00F4E06053F82230D7E7B1
:10C520005361704710E500082C00002010E100085E
:10C53000E8E40008FCF7AEBC38B5044648B1FCF7A7
:10C54000A9FC0546FFF7B7FEFCF7A4FC431BA3427A
:10C55000F8D338BD08B5084B2BB10848FEF753FF98
:10C5600008B1AFF30080064B2BB10648FDF750FB36
:10C5700008B1AFF3008008BD00000000B41800202F
:10C58000000000007C0D0020FCF7D0BC024B0344EF
:10C59000587800F008007047D0E500080A22002112
:10C5A00000F06EB9024B0146186800F02DB800BFCC
:10C5B000D0010020024B0146186800F023BA00BFEA
:10C5C000D001002070B50F4E0C463168054611B9F8
:10C5D00000F0C6F930602146284600F0C1F9431C3E
:10C5E00003D14FF0FF34204670BDC41C24F0030477
:10C5F000A042F8D0211A284600F0B2F90130F2D159
:10C60000EFE700BFE01900202DE9F843CD1C25F02D
:10C61000030508350C2D38BF0C25002D064601DB1F
:10C62000A94204D90C2333600020BDE8F883DFF869
:10C63000D48000F069F8D8F800301C4644BB294685
:10C640003046FFF7BFFF431C044658D1D8F80040DE
:10C650002746002F43D1002C4BD023683946304663
:10C6600004EB030900F07CF9814542D12168304692
:10C670006D1A2946FFF7A6FF01303AD023682B44F4
:10C680002360D8F800305A6862BBC8F800700FE029
:10C690002268521B20D40B2A17D96119A3422560A6
:10C6A00018BF5960636808BFC8F8001062514B603A
:10C6B000304600F02FF804F10B00231D20F0070096
:10C6C000C21A1CBF1B1AA350AFE76268A3420CBF7B
:10C6D000C8F800205A60EBE723466468AEE73C46A2
:10C6E0007F68B6E71A465B68A342FBD1002353601C
:10C6F000DEE70C233046336000F00CF894E7056069
:10C70000D6E700BFE4190020014800F063B900BF7C
:10C71000201B0020014800F05EB900BF201B002054
:10C72000024B0A460146186800F002B8D00100200A
:10C730002DE9F041074614460D4621B91146BDE8E2
:10C74000F041FFF761BF2AB900F05CF925462846A1
:10C75000BDE8F08100F09EF98442064602D8B4EBB1
:10C76000500FF4D821463846FFF74EFF804608B9EF
:10C770004546ECE7B4422246294628BF324600F03F
:10C7800033F92946384600F03DF9F1E7242B2DE92D
:10C79000F0478646904601D8012B06D100F0F0F80C
:10C7A000162303600020BDE8F0870D4633482A4673
:10C7B00015F8014B065D16F00806F8D12D2C10D1A6
:10C7C00001262C78951C33F0100215D1302C0DD198
:10C7D0002A7802F0DF02582A08D16C78023510233B
:10C7E0000AE02B2C04BF2C78951CECE7002BF6D12B
:10C7F000302C14BF0A230823002206F1004C0CF150
:10C80000FF3CBCFBF3F9104603FB19CAA4F1300747
:10C81000092F0FD83C46A3421BDD571C07D081458A
:10C8200014D301D1A24511DB012200FB034015F80E
:10C83000014BEBE7A4F14107192F01D8373CEAE798
:10C84000A4F16107192F04D8573CE4E74FF0FF32F9
:10C85000EDE7531C08D122236046CEF80030B8F132
:10C86000000FA0D0691E06E006B14042B8F1000FEB
:10C8700099D0002AF6D1C8F8001094E7D1E5000855
:10C8800013460A46014602480068FFF77FBF00BF13
:10C89000D001002003460244934200D1704703F8C0
:10C8A000011BF9E70346C9B2184613F8012B12B170
:10C8B0008A42F9D17047002918BF0020704710B58F
:10C8C0006AB10139841810F8012B11F8013F9A421E
:10C8D00003D1A04201D0002AF5D1D01A10BD1046D4
:10C8E000FCE7034610B5013932B111F8014F013AA6
:10C8F00003F8014B002CF7D100211A44934200D1D8
:10C9000010BD03F8011BF9E738B511F0FF04034629
:10C910000ED12146BDE83840FFF7C4BF0546431C91
:10C9200021461846FFF7BEFF0028F7D1284638BD3C
:10C930000025F5E70A7870B56AB970BD9A4209D149
:10C940000C46054614F8013F002BF6D015F8016F90
:10C950009E42F7D001300378002BEFD11846ECE768
:10C9600038B50023054D044608462B60FDF7F4F862
:10C97000431C02D12B6803B1236038BD241B002067
:10C98000014B1868704700BFD001002070B5002629
:10C990000C4D0D4B5B1B9C10A64209D1002600F0EC
:10C9A0004BFA0A4D0A4B5B1B9C10A64205D170BD89
:10C9B00055F8043B98470136EEE755F8043B984795
:10C9C0000136F2E7DCE60008DCE60008DCE60008F9
:10C9D000F8E6000870477047034611F8012B03F88A
:10C9E000012B002AF9D170470A44914200F1FF332C
:10C9F00000D1704710B511F8014B914203F8014F77
:10CA0000F9D110BD38B50546002940D051F8043C95
:10CA10000C1F002BB8BFE418FFF776FE1C4A136802
:10CA200033B9636014602846BDE83840FFF772BE32
:10CA3000A34208D9206821188B4201BF19685B689E
:10CA400009182160EDE71A465B680BB1A342FAD9D9
:10CA500011685018A0420BD120680144501883423D
:10CA60001160E0D118685B68084410605360DAE731
:10CA700002D90C232B60D6E7206821188B4201BF16
:10CA800019685B680918216063605460CBE738BDA2
:10CA9000E419002051F8043C181F002BBCBF0B58B0
:10CAA000C0187047062008B500F02CF80120FDF7EB
:10CAB00071F81F2938B505460C4604D916230360C2
:10CAC0004FF0FF3038BDC26B12B152F821304BB974
:10CAD000284600F031F8224601462846BDE8384095
:10CAE00000F018B8012B0AD0591C03D1162303609B
:10CAF0000120E7E70021204642F824109847002053
:10CB0000E0E70000024B01461868FFF7D2BF00BF04
:10CB1000D001002038B50023064D044608461146D2
:10CB20002B60FDF739F8431C02D12B6803B1236059
:10CB300038BD00BF241B0020FDF736B82DE9F047B3
:10CB4000089D0F4604468E46002B48D18A42164661
:10CB500061D9B2FA82F24AB1C2F1200301FA02FEAF
:10CB600020FA03F3964043EA0E0E94404FEA164C27
:10CB7000BEFBFCF1B7B20CFB11EE01FB07F0230C7E
:10CB800043EA0E43984209D9F31801F1FF3E80F0C1
:10CB9000ED80984240F2EA80023933441B1AB3FB1D
:10CBA000FCF00CFB103300FB07F7A4B244EA03448B
:10CBB000A74209D9341900F1FF3380F0D980A74288
:10CBC00040F2D6803444023840EA01400021E41BA0
:10CBD0001DB10023D440C5E90043BDE8F0878B4276
:10CBE00006D90DB1C5E9000100210846BDE8F0876E
:10CBF000B3FA83F1002947D1BB4202D3824200F24B
:10CC00000481841A67EB030201209646002DE4D0CC
:10CC1000C5E9004EE1E7002A00F09080B2FA82F206
:10CC2000002A40F0A780881B0121370C1FFA86FEDE
:10CC3000B0FBF7FC07FB1C00230C43EA00430EFB90
:10CC40000CF0984207D9F3180CF1FF3802D2984241
:10CC500000F2E080C4461B1AB3FBF7F007FB103369
:10CC60000EFB00FEA4B244EA0344A64507D93419DA
:10CC700000F1FF3302D2A64500F2C9801846A4EBAA
:10CC80000E0440EA0C40A3E7C1F120068B4022FAD3
:10CC900006FC4CEA030C27FA06FA4FEA1C49BAFBD9
:10CCA000F9F88F4020FA06F309FB18AA1FFA8CFE48
:10CCB0003B4300FA01F708FB0EF01C0C44EA0A445F
:10CCC000A04202FA01F20BD91CEB040408F1FF3A6E
:10CCD00080F09980A04240F29680A8F10208644456
:10CCE000241A98B2B4FBF9F309FB134403FB0EFEBC
:10CCF00040EA0444A64508D91CEB040403F1FF30C4
:10CD00007FD2A6457DD9023B644443EA0840A4EBA8
:10CD10000E04A0FB028E74454346F14661D35ED0FB
:10CD200055B1FA1A64EB090404FA06F622FA01F383
:10CD30001E43CC40C5E9006400214EE743084FEA9A
:10CD4000510C43EAC1710A0C42EA0C428BB2C4078F
:10CD5000B2FBF6F143EA0243BCFBF6FCB6463046B2
:10CD600037461F22181A41EA0C4161E7714615E760
:10CD7000184629E7C2F1200321FA03F0964024FA6D
:10CD800003F397403B43370CB0FBF7F807FB180061
:10CD90001FFA86FE190C41EA004108FB0EF088429A
:10CDA00004FA02F43AD9711808F1FF3C01D2884222
:10CDB0001ED8091AB1FBF7F808FB0EF007FB181193
:10CDC0009BB243EA014383422FD2F31808F1FF31AB
:10CDD000C8D28342C6D2A8F102013344C2E7474514
:10CDE0009ED2B8EB02036EEB0C0E0138F14697E7CA
:10CDF000301A0144A8F1020CB1FBF7F808FB0EF061
:10CE0000DCE7034681E7D0466AE70846FEE634449D
:10CE1000023834E7ACF1020C33441CE7091AC4466B
:10CE2000B1FBF7F808FB0EF0C8E741469AE700BFF0
:10CE300008B5FFF737FE0000F8B500BFF8BC08BC26
:10CE40009E467047F8B500BFF8BC08BC9E467047C8
:10CE50005B005D20005361766564207365726961D3
:10CE60006C3A2000526561642073657269616C3AA6
:10CE700020004E6F2073657269616C20696E2045D9
:10CE80004550524F4D0020203E3E200020203C3C8B
:10CE9000200020203C3C202874696D656F75742942
:10CEA000002F2F272722225C5C6208660C6E0A7214
:10CEB0000D7409005C7530303030006E756C6C009C
:10CEC000747275650066616C7365005B4750535DF5
:10CED0002046697820616371756972656421005B21
:10CEE0004750535D204C61743A200020204C6F6EF7
:10CEF0003A20005B4750535D204E6F2066697820D2
:10CF000079657420E280942073656E64696E672091
:10CF10006C617374206B6E6F776E2028302C302913
:10CF2000002028434C4F53454429005175657279C0
:10CF3000696E6720626561726572207374617465E1
:10CF40002E2E2E004245415245520041542B534152
:10CF50005042523D322C31004552524F52005261E4
:10CF6000773A20002B53415042523A004E6F202B0B
:10CF700053415042523A20E28094207472656174A9
:10CF8000696E6720617320636C6F73656400506124
:10CF9000727365206572726F72004F70656E696E94
:10CFA00067206265617265722E2E2E0041542B53EC
:10CFB000415042523D332C312C22436F6E747970B4
:10CFC00065222C2247505253220041542B5341508A
:10CFD00042523D332C312C2241504E222C22004112
:10CFE000542B53415042523D312C31004F70656EED
:10CFF000206661696C656400495020726573706FCA
:10D000006E73653A2000302E302E302E30004E6F79
:10D010002076616C69642049502061737369676E82
:10D0200065640042656172657220636F6E6E656350
:10D03000746564000A5B47534D5D20436F6E6669FB
:10D04000677572696E6720475052532E2E2E00412D
:10D0500054005B47534D5D204E6F20415420726554
:10D0600073706F6E7365210041544530005B475308
:10D070004D5D2057616974696E6720666F72206E1E
:10D080006574776F726B207265676973747261740F
:10D09000696F6E2E2E2E0041542B435245473F00A0
:10D0A0005B47534D5D20435245473A20002C3500E5
:10D0B00041542B435351005B47534D5D2057415220
:10D0C0004E494E473A204661696C656420746F2072
:10D0D0007265676973746572005B47534D5D2053D9
:10D0E00069676E616C207175616C6974793A2000B2
:10D0F0005B47534D5D2047505253207365747570E4
:10D1000020636F6D706C6574650051756572796927
:10D110006E6720494D4549207669612041542B476F
:10D12000534E2E2E2E0041542B47534E0045525243
:10D130004F523A20436F756C64206E6F742070619B
:10D140007273652076616C696420494D45490050D1
:10D150004F535420002042290048545450504F53FC
:10D16000540041542B485454505445524D0041549E
:10D170002B48545450494E49540048545450494E39
:10D180004954206661696C656420E2809420726570
:10D190007472790048545450494E49542072657451
:10D1A0007279206661696C65640041542B4854545F
:10D1B00050504152413D22434944222C31004154B8
:10D1C0002B48545450504152413D2255524C222C30
:10D1D00022687474703A2F2F0041542B48545450D5
:10D1E000504152413D22434F4E54454E54222C2231
:10D1F0006170706C69636174696F6E2F6A736F6EB2
:10D20000220041542B48545450504152413D225524
:10D2100053455244415441222C22004865616465C3
:10D22000723A200041542B48545450444154413DDB
:10D23000002C313030303000444F574E4C4F414479
:10D24000004552524F523A20444F574E4C4F4144A2
:10D250002070726F6D7074206E6F742072656365DC
:10D260006976656400426F64792073747265616DDC
:10D2700065640041542B48545450414354494F4E27
:10D280003D3100202052583A20002B485454504140
:10D290004354494F4E3A005374617475733D0020F6
:10D2A000626F64794C656E3D0041542B4854545074
:10D2B000524541443D302C005261772072656164D3
:10D2C0002028002042293A20004A534F4E3A20009D
:10D2D0005741524E494E473A204E6F204A534F4EC7
:10D2E0002062726163657320696E20726573706F6E
:10D2F0006E73650053657269616C2066726F6D2094
:10D30000454550524F4D3A2000415554480046651E
:10D31000746368696E672073657269616C206672F8
:10D320006F6D2073657276657220666F7220494D4D
:10D3300045493A20002F6170692F646576696365FD
:10D340002D617574682F6765742D73657269616CE2
:10D350002D6E756D6265722F006765742D73657231
:10D3600069616C2D6E756D62657220737461747580
:10D37000733A20004552524F523A207374617475CB
:10D38000733D004552524F523A20456D70747920DA
:10D39000726573706F6E73650073657269616C4E50
:10D3A000756D626572004552524F523A2073657234
:10D3B00069616C4E756D626572206D697373696E1B
:10D3C000670053657269616C3A20003D3D3D206104
:10D3D000757468656E7469636174652829203D3DC4
:10D3E0003D00696D656900426F64793A20002F61E4
:10D3F00070692F6465766963652D617574682F6146
:10D40000757468656E7469636174650053746174E2
:10D4100075733A20004552524F523A204175746854
:10D42000206661696C65640073747265616D49643E
:10D43000004552524F523A2073747265616D4964CF
:10D44000206D697373696E67003D3D3D20617574A1
:10D4500068656E7469636174652829205355434378
:10D46000455353203D3D3D004E6F20616374697606
:10D47000652073657373696F6E20E2809420736B0F
:10D48000697070696E670044495343003D3D3D201B
:10D49000646973636F6E6E65637444657669636512
:10D4A0002829203D3D3D00582D53747265616D2D36
:10D4B00049643A20002F6170692F6465766963655D
:10D4C0002D617574682F646973636F6E6E65637424
:10D4D0000053657373696F6E20636C656172656478
:10D4E000003D3D3D20484152445741524520524560
:10D4F0005345543A200052455345540050756C6CC6
:10D50000696E67205057524B4559204C4F572E2E6D
:10D510002E0052656C656173696E67205057524BDF
:10D52000455920484947482E2E2E004E5649432043
:10D5300053797374656D2052657365742E2E2E00B9
:10D540003D3D3D3D3D20656E73757265436F6E6E6A
:10D5500065637469766974792829203D3D3D3D3DB8
:10D5600000434F4E4E00416C726561647920636FD9
:10D570006E6E6563746564004E6F7420636F6E6ECB
:10D580006563746564202873746174653D002920A7
:10D59000E2809420736F6674207265636F766572A3
:10D5A000792E2E2E0041542B53415042523D302CA7
:10D5B00031002B435245473A0020202E2E2E776112
:10D5C0006974696E67202800732900536F667420A0
:10D5D0007265636F76657279204F4B00536F667486
:10D5E000207265636F76657279206661696C656427
:10D5F00020E2809420706F7765722D6379636C6987
:10D600006E67206D6F64656D2E2E2E004D6F646504
:10D610006D20756E726573706F6E7369766520E24A
:10D620008094204E564943207265736574006D6F77
:10D6300064656D20756E726573706F6E7369766563
:10D6400020616674657220706F7765722D637963EF
:10D650006C650048617264207265636F76657279EB
:10D66000204F4B00616C6C207265636F7665727938
:10D6700020737461676573206661696C6564006E10
:10D680006F20726567206166746572206D6F6465D6
:10D690006D20706F7765722D6379636C65005265DC
:10D6A000672074696D656F757420E28094207472D0
:10D6B00079696E672062656172657220616E797743
:10D6C0006179003D3D3D3D3D2072756E4175746848
:10D6D00053657175656E63652829203D3D3D3D3D6F
:10D6E00000436F756C64206E6F74206765742073DF
:10D6F000657269616C0041757468656E7469636117
:10D7000074696F6E206661696C6564004175746848
:10D710002073657175656E636520636F6D706C65F0
:10D720007465004E6F745F416374697665000A2A00
:10D730002A2A2055706C6F6164696E672043533DDF
:10D7400000202A2A2A0073747265616D496420657D
:10D7500078706972656420E280942072652D61752D
:10D760007468656E7469636174696E672E2E2E002D
:10D7700055504C4F41440052652D617574682066C8
:10D7800061696C656420E2809420736B69707069D4
:10D790006E6720746869732075706C6F6164005BDC
:10D7A000505A454D5D20563D002020493D00202027
:10D7B000503D004256004C43004C6174004C6F6E6B
:10D7C000670043430054656D70004D540057475443
:10D7D000004353005B55504C4F41445D20506179EC
:10D7E0006C6F61643A2000504F53542053554343AB
:10D7F00045535320287374617475733D00737769C2
:10D800007463685374617465005B52454C41595DA3
:10D810002073776974636853746174653A20005BA0
:10D8200052454C41595D203E3E3E2052454C4159A7
:10D83000204F4E203C3C3C005B52454C41595D2002
:10D840003E3E3E2052454C4159204F4646203C3CEE
:10D850003C005B524553505D204A534F4E2070614F
:10D86000727365206572726F723A20005B52454C8C
:10D8700041595D204E6F20726573706F6E73652025
:10D88000626F647920E280942072656C6179207502
:10D890006E6368616E6765640041757468207265C7
:10D8A0006A656374656420287374617475733D00E0
:10D8B0002920E2809420666F7263696E672072652A
:10D8C0002D61757468206E657874206379636C656A
:10D8D00000556E6578706563746564207374617457
:10D8E00075733A20002A2A2A2055706C6F616420D3
:10D8F000436F6D706C657465202A2A2A0A000A3D00
:10D900003D3D3D3D3D3D3D3D3D3D3D3D3D3D3D3D47
:10D910003D3D3D3D3D3D3D3D3D3D3D3D3D3D3D3D37
:10D920003D3D3D3D3D3D3D00202052756E20417501
:10D93000746F6D6174696F6E7320E280942045503E
:10D9400043204D6F6E69746F72202B20417574688F
:10D95000002020505A454D30303454202B2053495C
:10D960004D3830304C202B20475053202B2053541F
:10D970004D333220426C756550696C6C003D3D3D05
:10D980003D3D3D3D3D3D3D3D3D3D3D3D3D3D3D3DC7
:10D990003D3D3D3D3D3D3D3D3D3D3D3D3D3D3D3DB7
:10D9A0003D3D3D3D3D0A005B494E49545D20526579
:10D9B0006C6179204C4F57005B494E49545D2050B3
:10D9C0005A454D2073657269616C2073746172747D
:10D9D0006564005B494E49545D2047505320736590
:10D9E0007269616C2073746172746564005B494E86
:10D9F00049545D20506F77657220637574206465AB
:10DA000074656374656420647572696E6720636F02
:10DA10006F6B696E672073657373696F6E21005B4E
:10DA2000494E49545D20506F776572696E67206F6B
:10DA30006E2053494D3830304C2E2E2E0046415426
:10DA4000414C3A20436F756C64206E6F7420726590
:10DA5000616420494D454900534554555000494D96
:10DA600045492072656164206661696C6564206166
:10DA70007420626F6F740044657669636520494D58
:10DA800045493A20005374617274696E672061756C
:10DA900074682073657175656E63652E2E2E004166
:10DAA000757468206661696C656420617420626FBA
:10DAB0006F7420E280942077696C6C2072657472B8
:10DAC00079206F6E2066697273742075706C6F6157
:10DAD000640041757468204F4B20E2809420737479
:10DAE0007265616D49643A20005B494E49545D207E
:10DAF00053656E64696E6720696E746572727570C5
:10DB00007465642073657373696F6E20656E64203D
:10DB10002843533D32292E2E2E005B494E49545D39
:10DB200020496E74657272757074656420736573D4
:10DB300073696F6E20636C6F736564000A5B494E96
:10DB400049545D2053797374656D20726561647901
:10DB50002100202055706C6F616420696E746572BD
:10DB600076616C203A203630207300202053746197
:10DB7000727420636F6E6669726D2020203A2033C4
:10DB800030207300202053657373696F6E206761C6
:10DB90007020202020203A2035206D696E00202042
:10DBA0004D6F64656D2072657365742020202020A0
:10DBB0003A20312068005B4750535D204669782049
:10DBC000616371756972656420696E206C6F6F7036
:10DBD00021005B43535D2047617020002073203E8D
:10DBE0003D2053455353494F4E5F47415020E280FB
:10DBF0009420656E64696E672073657373696F6ED8
:10DC0000005B43535D2046616C73652073746172E1
:10DC10007420E280942072657475726E696E67205C
:10DC2000746F2069646C6500486F75726C79207739
:10DC300061746368646F6720E2809420636C65613F
:10DC40006E20646973636F6E6E656374202B204E63
:10DC5000564943207265736574004C4F4F500068FD
:10DC60006F75726C79207761746368646F670020E8
:10DC700028434F4E4E454354494E472900202843E0
:10DC80004F4E4E454354454429002028434C4F53A2
:10DC9000494E4729004F6B00456D707479496E708D
:10DCA000757400496E636F6D706C657465496E7054
:10DCB000757400496E76616C6964496E70757400A4
:10DCC0004E6F4D656D6F727900546F6F446565706E
:10DCD000004750524D4300474E524D430047504776
:10DCE000474100474E4747410053544D6963726FA7
:10DCF000656C656374726F6E69637300424C554561
:10DD000050494C4C5F463130334338204344432024
:10DD1000696E204853204D6F646500424C55455054
:10DD2000494C4C5F463130334338204344432069EB
:10DD30006E204653204D6F646500424C5545504956
:10DD40004C4C5F4631303343382043444320436FCB
:10DD50006E66696700424C554550494C4C5F4631F0
:10DD6000303343382043444320496E746572666102
:10DD70006365000D0A006E616E00696E66006F7665
:10DD8000660000006FDC00087DDC00088ADC00080B
:10DD90000000000000000000831100087D11000851
:10DDA00075110008CDCCCC3D0AD7233C17B7D1382C
:10DDB00077CC2B329595E6241FB14F0A0000204105
:10DDC0000000C84200401C4620BCBE4CCA1B0E5A74
:10DDD000AEC59D74000000009A9999999999B93F30
:10DDE0007B14AE47E17A843F2D431CEBE2361A3FA9
:10DDF0003A8C30E28E79453EBC89D897B2D29C3CB1
:10DE000033A7A8D523F649393DA7F444FD0FA53221
:10DE10009D978CCF08BA5B25436FAC642806C80A6F
:10DE200000000000000024400000000000005940F5
:10DE3000000000000088C3400000000084D7974124
:10DE40000080E03779C34143176E05B5B5B89346F6
:10DE5000F5F93FE9034F384D321D30F94877825AC2
:10DE60003CBF737FDD4F15752F6170692F74696D2D
:10DE7000652D6C696E652D74656D706C617465736C
:10DE80002F70726F647563746976652D7573652D77
:10DE90006F662D656E65726779006170692E7275A7
:10DEA0006E6175746F6D6174696F6E732E6F7267DA
:10DEB00000696E7465726E6574000000C1C081C136
:10DEC000400101C3C003800241C201C6C0068007F1
:10DED00041C70005C1C581C4400401CCC00C800D00
:10DEE00041CD000FC1CF81CE400E000AC1CA81CB07
:10DEF000400B01C9C009800841C801D8C018801969
:10DF000041D9001BC1DB81DA401A001EC1DE81DF6E
:10DF1000401F01DDC01D801C41DC0014C1D481D52F
:10DF2000401501D7C017801641D601D2C012801308
:10DF300041D30011C1D181D0401001F0C0308031F7
:10DF400041F10033C1F381F240320036C1F681F76E
:10DF5000403701F5C035803441F4003CC1FC81FDFF
:10DF6000403D01FFC03F803E41FE01FAC03A803B88
:10DF700041FB0039C1F981F840380028C1E881E946
:10DF8000402901EBC02B802A41EA01EEC02E802FF0
:10DF900041EF002DC1ED81EC402C01E4C02480252F
:10DFA00041E50027C1E781E640260022C1E281E386
:10DFB000402301E1C021802041E001A0C0608061D8
:10DFC00041A10063C1A381A240620066C1A681A7EE
:10DFD000406701A5C065806441A4006CC1AC81ADFF
:10DFE000406D01AFC06F806E41AE01AAC06A806B08
:10DFF00041AB0069C1A981A840680078C1B881B966
:10E00000407901BBC07B807A41BA01BEC07E807F6F
:10E0100041BF007DC1BD81BC407C01B4C07480752E
:10E0200041B50077C1B781B640760072C1B281B305
:10E03000407301B1C071807041B00050C1908191B6
:10E0400040510193C053805241920196C05680576F
:10E0500041970055C19581944054019CC05C805DFE
:10E06000419D005FC19F819E405E005AC19A819B85
:10E07000405B0199C059805841980188C048804947
:10E080004189004BC18B818A404A004EC18E818FED
:10E09000404F018DC04D804C418C0044C18481852E
:10E0A00040450187C047804641860182C042804387
:10E0B00041830041C1818180404000000000000098
:10E0C0000000000061560008E9B80008D1530008BC
:10E0D0002154000803540008D553000831540008A7
:10E0E00035BD000857BD0008CD550008E1550008B2
:10E0F000010202030405060708090A0B0C0D0E0FA6
:10E10000101002010403020408100400400000047F
:10E1100001010000020200000404000008080000E1
:10E12000101000002020000040400000808000000F
:10E1300001000104020002040400040408000804B1
:10E1400010001004200020044000400480008004DF
:10E1500000000000010203040000000000000000B5
:10E160000102030406070809000000000000000087
:10E17000AD9B0008D19B0008C59B0008E99C0008E6
:10E18000119C00081D9C0008DD9C0008359C0008BF
:10E190007D9C00080000000020000000000000003E
:10E1A000800000006000000000000000010000008E
:10E1B000E000A0000100000082000000200100003B
:10E1C00000000000830000002801000000000000A3
:10E1D0000B000000005C0040000000000C0000008C
:10E1E000005C004000000000FFFFFFFF0000000097
:10E1F0000000000000000000004400401200000089
:10E200000B00000000380140120000001D0000005B
:10E2100000480040120B00001D01000000480040B3
:10E22000120A0000FFFFFFFF0000000000000000D6
:10E230000100000000440040120800000C00000033
:10E2400000380140120000001E000000004800409D
:10E25000120000001E01000000480040120A0000E9
:10E26000FFFFFFFF000000000000000003000000AF
:10E2700000440040100800000A000000003801407F
:10E2800010060000170000000038014010050000D3
:10E290001B0000000048004010000000FFFFFFFFCF
:10E2A00000000000000000000200000000440040E8
:10E2B00012080000090000000038014012060000AA
:10E2C0001600000000380140120500001A0000008E
:10E2D0000048004012000000FFFFFFFF00000000A8
:10E2E000000000000000000000000040128000005C
:10E2F000000100000000004012900000010000003A
:10E300000000004012120100010100000000004066
:10E3100012100100020000000000004012920100F3
:10E320000201000000000040129101000300000003
:10E330000000004012120200030100000000004033
:10E3400012110200060000000004004012950000B7
:10E3500007000000002C0140128D10000701000092
:10E36000000400401215010008000000002C0140CC
:10E37000128E000008010000002C0140128D0000E8
:10E3800009000000002C0140120E010009010000EC
:10E39000002C0140120D01000A000000002C014079
:10E3A000128E01000A010000002C0140128D0100B4
:10E3B0000B000000002C0140120E02000B010000B7
:10E3C000002C0140120D02000F0000000000004070
:10E3D000129100000F01000000000040128F0000A9
:10E3E00010000000002C0140120D1100100100006F
:10E3F00000040040129501001002000000040040DB
:10E400001294010011000000002C0140128D110037
:10E41000110100000004004012150200110200006A
:10E42000000400401214020013000000000000402D
:10E43000121101001301000000000040120F010042
:10E4400014000000000400401294000015000000B9
:10E4500000040040121401001600000000080040F3
:10E46000129700001700000000080040121701007A
:10E470001800000000080040129701001900000079
:10E4800000080040121702001A00000000000040BF
:10E49000129001001A01000000000040128F0100DC
:10E4A0001B00000000000040121002001B010000D1
:10E4B00000000040120F02001D000000002C01406F
:10E4C000128E10001E000000002C0140120E1100E0
:10E4D0001F000000002C0140128E1100FFFFFFFF03
:10E4E0000000000000000000140000001500000003
:10E4F00016000000170000001800000019000000BE
:10E500001A0000001B0000001C0000001D0000009D
:10E51000190000001800000017000000160000009D
:10E520001500000014000000130000000F000000A0
:10E530000C0000000B0000000A00000009000000B1
:10E54000080000001F0000001E0000001D00000069
:10E550001C0000002D0000002E0000002F00000015
:10E5600000000000010000000200000003000000A5
:10E570000400000005000000060000000700000085
:10E5800010000000110000001A0000001B00000035
:10E59000120000000D0000000E0000000600070041
:10E5A0000800000000000000000000004DB400085A
:10E5B000FDB4000831B40008D7B7000807B400085C
:10E5C000A5B8000817B4000835BD000857BD0008FD
:10E5D0000020202020202020202028282828282033
:10E5E000202020202020202020202020202020202B
:10E5F0002088101010101010101010101010101093
:10E600001004040404040404040404101010101082
:10E61000101041414141414101010101010101014C
:10E62000010101010101010101010101101010109E
:10E63000101042424242424202020202020202021E
:10E640000202020202020202020202021010101072
:10E65000200000000000000000000000000000009A
:10E6600000000000000000000000000000000000AA
:10E67000000000000000000000000000000000009A
:10E68000000000000000000000000000000000008A
:10E69000000000000000000000000000000000007A
:10E6A000000000000000000000000000000000006A
:10E6B000000000000000000000000000000000005A
:10E6C000000000000000000000000000000000004A
:04E6D0000000000046
:08E6D4003C1AFF7F0100000069
:10E6DC0095C3000859110008912A0008355A000802
:0CE6EC00ED8F0008019D0008D5B8000863
:10E6F80035110008A94A0008455A0008C5900008C5
:10E70800FF00000095DC000898DC0008A3DC000886
:10E71800B3DC0008C0DC0008C9DC000898DD00088C
:10E72800FFFFFFFF0100000010000000000801408B
:10E73800000C014000100140001401400018014085
:10E74800003002400000000000127A00281B002060
:10E7580009074300020104C0320904000001020253
:10E768000000052400100105240100010424020210
:10E7780005240600010705830308001009040100A9
:10E78800020A000000070501024000000705820296
:10E798004000000009024300020100C032090400E1
:10E7A80000010202000005240010010524010001F7
:10E7B800042402020524060001070583030800104B
:10E7C80009040100020A00000007050102400000D8
:10E7D800070582024000000009024300020100C050
:10E7E800320904000001020200000524001001059E
:10E7F8002401000104240202052406000107058300
:10E808000308001009040100020A000000070501BE
:10E818000200020007058202000200000DA40008A1
:10E82800BDA30008CDA200080000000015A1000843
:10E8380069A2000831A200080000000000000000E2
:10E8480000000000E9A10008A1A1000859A10008E2
:10E858004DA100080A060002000000400100000067
:10E8680000C20100000008001DA6000895A50008C8
:10E8780099A5000879A7000821A7000801011A0333
:10E888000000000000000000000000000000000080
:10E898000000000000000000040309041201000247
:10E8A80002020040830440570002010203010000F5
:10E8B80051B200085DB20008D9B20008F1B20008F0
:10E8C8009DB2000815B300082DB3000869B200080E
:10E8D800D401002000000000E8190020501A002090
:10E8E800B81A00200000000000000000000000002E
:10E8F8000000000000000000000000000000000010
:10E9080000000000000000000000000000000000FF
:10E9180000000000000000000000000000000000EF
:040000050800C3B973
:00000001FF
